챦쨩쩔question_id,topic,question_text,option_a,option_b,option_c,option_d,correct_answer
1,횞횞짚횞짢횞 횞횞횞 횞,횞횞 횞횞횞 횞횞횞횞짙 횞횞횞횞징횞횞 횞횞횞짝횞횞짢 횞횞횞횞횞짧?,횞횞횞횞횞횞짧 횞횞짧횞횞횞횞짢횞,횞횞횞짙 횞횞횞짖횞 횞횞,횞횞횞횞징횞 횞횞횞횞 횞횞횞 횞횞횞횞 횞짧횞짠횞횞 횞,횞횞 횞횞횞짢횞 횞횞횞횞짝횞횞짢 횞횞짢횞횞횞횞,C
2,횞횞짚횞짢횞 횞횞횞 횞,횞횞횞 횞횞횞횞횞횞짧 횞횞횞횞횞횞짧 횞 횞횞횞횞횞 횞횞짤 횞횞징횞짚횞짢 횞징횞횞횞횞짢횞?,횞횞,횞횞,횞횞 횞횞횞횞,횞횞횞 횞횞횞횞횞짧 횞횞짤 횞횞징횞짚횞짢 횞징횞횞횞횞짢횞 횞짧횞횞짧 횞횞횞횞횞짢횞횞,D
3,횞횞짚횞짢횞 횞횞횞 횞,횞횞 횞횞짤횞횞 횞횞횞짖횞짧 횞횞횞횞짝횞횞짢 횞횞횞횞횞짧 횞횞횞횞횞횞짧 횞횞횞횞쨈횞징?,횞횞짤횞짠횞 횞징횞횞횞횞 횞횞징횞횞 횞횞횞횞횞짢 횞횞횞횞횞 횞횞횞횞횞횞 횞짠횞횞횞짝횞 횞짤횞횞횞,횞횞횞횞횞짧 횞횞횞 횞횞 횞횞짤횞횞횞횞짧,횞횞횞횞횞짧 횞횞횞횞짤횞짢횞짧 횞짧횞횞횞 횞횞횞징횞,횞짤횞횞횞횞짖횞 횞횞횞 횞횞횞 횞횞,A
4,횞횞짚횞짢횞 횞횞횞 횞,횞횞횞횞 횞횞횞횞 횞횞짧횞횞 횞짖횞횞횞징 횞짖횞 횞횞징횞짢횞 횞횞?,횞횞짢횞횞짤횞횞횞 횞횞짢횞횞,"횞횞짢횞횞짤횞횞횞 횞횞짢횞횞, 횞횞횞횞짤횞횞짢 횞횞횞횞 횞횞횞, 횞횞횞짖횞횞횞 횞횞횞횞횞짧 횞횞횞횞횞",횞횞횞 횞짝횞횞짢횞 횞짤횞횞횞횞 횞횞짧횞횞,횞횞 횞횞짖횞횞횞횞짧 횞횞횞짧횞 횞횞짤횞짠횞 횞횞짤횞횞횞짧,B
5,횞횞짚횞짢횞 횞횞횞 횞,횞횞횞 횞횞횞짢횞횞짠 횞징횞짢횞 횞횞 횞횞짤 횞횞짤횞횞횞횞짧?,횞횞,횞횞,횞횞 횞횞징횞짢횞 횞횞 횞횞횞짧횞 횞횞횞횞짢,횞횞. 횞횞짢횞횞짠 횞징횞짢횞 횞횞 횞횞횞횞 횞횞짧횞횞횞 횞횞횞횞짖횞 횞 횞 횞횞,D
6,횞횞짚횞짢횞 횞횞횞 횞,횞횞횞 횞짤횞횞 횞 횞횞짤횞횞횞짧 횞횞횞횞쨈횞징 횞횞횞짤횞횞횞짧 횞짢횞횞횞횞?,횞횞횞 횞짤횞횞 횞 횞횞횞 횞횞횞,횞횞짤횞횞 횞 횞횞횞 횞횞짖횞횞횞짧 횞횞짖횞횞횞 횞횞 횞횞짢횞횞,횞짢횞횞 횞횞횞횞횞횞짧 횞횞횞횞쨈횞징 횞횞횞횞횞 횞-ADR,횞횞짤횞횞 횞 횞횞횞 횞횞징횞짢횞 횞횞횞횞횞짢횞,C
7,횞횞짚횞짢횞 횞횞횞 횞,횞 횞짧횞횞 횞횞횞횞횞횞짧 횞 횞횞횞횞횞 - 횞횞횞 횞횞횞횞 횞횞횞횞횞짠횞짧 횞횞짖횞횞횞?,횞횞 횞횞횞횞,"횞횞 횞횞횞횞, 횞횞횞횞횞횞횞짧 횞짢횞횞짤횞횞횞 횞횞횞횞횞횞",횞횞횞 횞횞횞횞 횞횞짖횞횞횞횞짧 횞짤횞 횞짖횞횞짧 10 횞짤횞 횞횞 횞횞횞횞횞짤,횞짖횞횞횞 횞횞횞짤횞 횞횞 횞짤횞 횞짧횞횞횞. 횞짖횞횞횞 횞횞짤횞 횞 횞횞 횞짤횞 횞.,D
8,횞횞짚횞짢횞 횞횞횞 횞,횞횞 횞횞횞 횞짤횞 횞짢횞횞 횞횞횞횞 횞 횞횞 횞횞횞횞횞짤 횞짢횞횞짤횞횞횞 횞 횞횞횞횞횞횞짧 횞횞횞횞쨈횞징?,15 횞짤횞 횞 횞횞 횞횞횞횞횞짤 횞횞횞횞짧횞짢 횞횞횞횞횞횞짧 횞횞횞횞쨈횞징,횞횞횞 횞횞횞횞횞 횞횞횞횞짠,횞횞짢횞횞 횞횞횞횞짤횞짢 횞짖횞 횞횞짠횞 횞짧횞,10 횞짤횞 횞횞 횞횞횞횞짠횞횞 횞-15 횞짤횞 횞 횞횞횞횞횞짝횞,A
9,횞횞짚횞짢횞 횞횞횞 횞,횞횞 횞횞짤횞횞 횞 횞횞횞 횞횞횞 횞 횞짢횞횞 횞횞횞횞횞횞짧 횞횞횞짠 횞횞횞횞 횞짢횞횞 횞짤횞횞횞횞횞 횞횞횞횞짝횞?,횞횞짤횞횞 횞 횞횞횞짢횞횞횞 횞횞횞짤횞징횞짧횞횞횞횞 횞횞횞횞횞 횞 횞횞횞횞횞횞짧 횞횞횞짖횞횞 횞횞횞횞횞횞짧 횞횞횞짧횞횞 횞횞징횞횞 횞횞 횞횞횞,"횞횞횞 횞짤횞횞 횞, 횞횞 횞횞횞횞횞횞횞짧 횞짖횞횞횞횞횞짧","횞횞횞 횞짤횞횞 횞, 횞횞 횞횞횞횞횞횞횞짧 횞횞횞횞횞횞횞짧 횞횞횞",횞횞 횞횞짤 횞짤횞횞 횞 횞횞징횞횞 횞횞짢횞횞짤횞횞횞,A
10,횞횞짚횞짢횞 횞횞횞 횞,횞횞 횞횞짧횞횞횞 횞횞짧 횞횞횞횞짚횞횞횞 횞횞횞짧 횞횞횞횞짖횞 횞횞 횞 횞횞횞횞횞횞?,"횞짧횞횞횞 횞짧 횞횞 횞횞횞 횞횞짤횞짧횞 횞. 횞횞짢횞횞 횞횞 횞횞짝횞횞 횞횞징횞횞횞횞횞횞, 횞횞짢횞횞짠 횞횞횞횞횞횞 횞횞짤횞짧횞 횞 횞횞횞횞 횞 횞횞횞 횞횞횞횞짠횞 횞횞짧횞횞횞. 횞 횞횞짝횞짢 횞횞짤횞횞 횞징횞횞횞.",횞횞횞 횞횞 횞짧횞횞횞 횞 횞횞횞짚횞횞횞 횞횞짧 ,횞횞짤 횞횞 횞횞짢횞횞 횞짧횞횞횞 횞횞짧,횞횞 횞횞횞 횞횞 횞횞짤횞짚횞횞짖 횞횞횞 횞짖횞 횞횞횞짢횞횞,A
11,횞징횞횞횞횞 횞횞 횞짧횞짖횞징횞횞짠횞짧횞횞횞 횞횞횞짤횞횞짢횞횞짧 횞짢횞짚횞횞횞횞짧,횞횞횞 횞횞횞횞횞횞 횞횞횞횞짖 횞횞징횞횞횞횞 횞횞 횞짧횞짖횞징횞횞짠횞짧횞횞횞?,횞횞횞횞횞횞 횞횞횞횞짖 횞횞횞 횞횞횞횞횞횞 횞횞짤횞짢 횞횞횞횞횞짖 횞짖횞 횞횞횞횞짧 횞짖횞횞횞짢횞횞짧 횞횞짧횞 횞횞짖,횞횞횞횞횞횞 횞횞횞횞짖 횞횞횞 횞횞횞횞짖 횞짢횞짚횞횞횞 횞횞짢횞횞짚횞,횞횞횞횞횞횞 횞횞횞횞짖 횞횞횞 횞횞횞횞짖 횞짢횞짚횞횞횞 횞횞횞횞횞짧, 횞횞횞횞횞횞 횞횞횞횞짖 횞횞횞 횞횞횞횞짖 횞횞횞횞짢 횞횞징횞횞횞횞 횞횞 횞횞짧횞짖횞징횞횞짠횞짧횞횞횞 횞횞횞짠횞짝횞횞짖,D
12,횞징횞횞횞횞 횞횞 횞짧횞짖횞징횞횞짠횞짧횞횞횞 횞횞횞짤횞횞짢횞횞짧 횞짢횞짚횞횞횞횞짧,횞횞횞 횞횞징횞횞횞횞 횞횞 횞횞짖횞횞짠횞짢횞횞횞 횞횞짖횞횞징횞횞짠 횞횞 횞횞횞횞?,"횞짧횞횞횞 횞횞짧 횞횞짢횞횞횞, 횞짧횞횞짠횞횞 횞 횞짢횞횞 횞횞횞짢횞, 횞횞횞횞횞횞짧 횞짚횞횞횞횞짧, 횞횞횞횞횞 횞짖횞짠횞 횞횞짤횞횞횞 횞횞횞횞짤횞횞짧","횞짧횞횞횞 횞 횞횞횞횞짧 횞횞횞횞짢, 횞짧횞횞짠횞횞 횞 횞짢횞횞, 횞횞횞횞횞횞짧 횞짚횞횞횞횞짧, 횞횞횞횞횞 횞짖횞짠횞 횞횞짤횞횞횞 횞횞횞횞짤횞횞짧","횞횞횞횞횞횞짧 횞짚횞횞횞횞짧, 횞횞횞횞횞 횞짖횞짠횞 횞횞짤횞횞횞 횞횞횞횞짤횞횞짧, 횞횞횞횞짚횞짧 횞횞횞짖횞 횞횞횞짢횞, 횞짧횞횞횞 횞횞짧 횞횞짢횞횞횞 횞짠횞횞횞짧","횞횞횞횞짚횞짧 횞횞횞짖횞 횞횞횞짢횞, 횞짧횞횞짠횞횞 횞 횞짢횞횞 횞횞횞짢횞, 횞횞횞횞횞횞짧 횞짚횞횞횞횞짧, 횞횞횞횞횞 횞짖횞짠횞 횞횞짤횞횞횞 횞횞횞횞짤횞횞짧",A
13,횞징횞횞횞횞 횞횞 횞짧횞짖횞징횞횞짠횞짧횞횞횞 횞횞횞짤횞횞짢횞횞짧 횞짢횞짚횞횞횞횞짧,횞횞횞짢 횞횞짧 횞횞횞짤횞짚횞 횞횞 횞횞횞 횞횞횞횞횞횞,"횞횞짢횞횞횞 횞횞횞횞 횞짖횞횞징횞짠횞짧 - 횞횞횞짤횞횞횞 횞 횞횞횞 횞, 횞횞횞횞징횞 횞횞 횞횞, 횞횞징횞횞 횞횞짢횞횞","횞횞짢횞횞횞 횞횞횞횞 횞짖횞횞징횞짠횞짧 - 횞횞징횞횞 횞횞짢횞횞, 횞횞횞횞징횞 횞횞 횞횞, 횞횞 횞횞","횞횞짢횞횞횞 횞횞횞횞 횞짖횞횞징횞짠횞짧 - 횞횞 횞횞, 횞횞징횞횞 횞횞짢횞횞, 횞횞징횞횞횞횞","횞횞짢횞횞횞 횞횞횞횞 횞짖횞횞징횞짠횞짧 - 횞횞 횞횞, 횞횞횞횞징횞, 횞횞징횞횞횞횞",C
14,횞징횞횞횞횞 횞횞 횞짧횞짖횞징횞횞짠횞짧횞횞횞 횞횞횞짤횞횞짢횞횞짧 횞짢횞짚횞횞횞횞짧,횞횞횞 횞횞징횞횞횞횞 횞횞 횞횞짚횞횞횞횞짠횞횞횞횞 횞횞 횞횞횞횞?,"횞횞짤횞횞짚횞 횞횞짢횞짖횞짤, 횞짠횞짢횞횞 횞, 횞짢횞짖횞횞횞횞짧, 횞횞횞짠","횞횞짤횞횞짚횞 횞횞짢횞짖횞짤, 횞짠횞짢횞횞 횞, 횞짢횞짖횞횞횞횞짧, 횞짤횞횞 횞횞횞횞 횞짚횞짧횞횞횞횞횞횞","횞횞짤횞횞짚횞 횞횞짢횞짖횞짤, 횞짠횞짢횞횞 횞, 횞짢횞짖횞횞횞횞짧, 횞횞횞횞횞","횞횞짤횞횞짚횞 횞횞짢횞짖횞짤, 횞짠횞짢횞횞 횞, 횞짢횞짖횞횞횞횞짧, 횞횞횞횞 횞횞",B
15,횞징횞횞횞횞 횞횞 횞짧횞짖횞징횞횞짠횞짧횞횞횞 횞횞횞짤횞횞짢횞횞짧 횞짢횞짚횞횞횞횞짧,횞횞횞 횞횞징횞횞횞횞 횞횞 횞횞횞횞횞횞횞 횞횞 횞횞횞횞?,"횞횞짤횞횞짚횞 횞횞횞횞짠, 횞횞횞횞짢횞횞 횞횞횞횞횞횞, 횞 횞횞횞횞횞 횞횞짢횞횞, 횞횞횞 횞횞 횞횞횞 횞횞 횞징횞횞횞짢","횞횞짤횞횞짚횞 횞횞짢횞짖횞짤, 횞횞횞짠, 횞횞횞횞짢횞횞 횞횞횞횞횞횞, 횞횞횞 횞횞 횞횞횞 횞횞 횞징횞횞횞짢","횞횞짤횞횞짚횞 횞횞횞횞횞횞, 횞횞횞짠, 횞횞횞횞짢횞횞 횞횞횞횞횞횞횜쩔 횞횞횞 횞횞 횞횞횞 횞횞 횞징횞횞횞짢","횞횞짤횞횞짚횞 횞횞횞횞횞 횞횞, 횞횞횞짠, 횞횞횞횞짢횞횞 횞횞횞횞횞횞, 횞횞횞 횞횞 횞횞횞 횞횞 횞징횞횞횞짢",A
16,횞징횞횞횞횞 횞횞 횞짧횞짖횞징횞횞짠횞짧횞횞횞 횞횞횞짤횞횞짢횞횞짧 횞짢횞짚횞횞횞횞짧,횞횞횞횞횞횞 횞횞횞횞짖 횞횞징횞횞횞횞 횞짧횞짖횞징횞횞짠횞짧횞 횞횞횞횞짖횞?,횞짢횞횞짚횞횞횞 횞횞횞횞횞횞짧 횞짧횞짖횞징횞횞짠횞짧횞,횞횞횞횞 횞 횞횞횞횞횞횞짧 횞횞짖횞횞횞횞,횞짠횞짝횞횞 횞횞횞횞횞짧 횞횞짖횞횞횞횞,횞횞 횞횞짧횞짤횞횞횞횞짧 횞 횞횞횞 횞횞짧,D
17,횞징횞횞횞횞 횞횞 횞짧횞짖횞징횞횞짠횞짧횞횞횞 횞횞횞짤횞횞짢횞횞짧 횞짢횞짚횞횞횞횞짧,횞횞횞 횞횞횞횞횞짢횞 횞횞쨈횞짢횞횞 횞횞징횞횞짢횞횞쨈?,횞짢횞횞 횞횞횞횞 횞짖 횞횞횞횞 횞횞횞 횞 횞횞횞 횞짝횞횞짢횞 횞짤횞횞횞,횞짢횞횞 횞짤횞짝횞횞횞 횞짖횞횞횞횞 횞횞횞짢횞횞 횞짖횞횞횞 횞횞횞횞짚횞 횞짠횞횞횞짖,횞짢횞횞 횞횞횞짤횞횞짤 횞횞 횞횞횞횞짖횞 횞횞짤횞횞짤 횞횞횞횞횞횞짧 횞횞짤횞,횞짢횞횞 횞횞 횞횞짖횞 횞짤횞횞횞짧횞짠횞 횞횞짧 횞짖횞횞횞 횞횞짖횞짢횞횞횞짧 횞횞 횞횞횞횞 횞짖횞짝횞횞횞짧,C
18,횞징횞횞횞횞 횞횞 횞짧횞짖횞징횞횞짠횞짧횞횞횞 횞횞횞짤횞횞짢횞횞짧 횞짢횞짚횞횞횞횞짧,횞횞횞 횞징횞횞횞횞 횞횞 횞짧횞짖횞징횞횞짠횞짧횞횞횞 횞횞 횞횞 횞짢횞횞 횞횞횞?,횞징횞횞횞횞 횞횞 횞횞짠횞짤횞횞짢횞횞 횞횞횞횞횞짢횞횞 횞횞횞횞횞횞,횞징횞횞횞횞 횞횞 횞횞짠횞짤횞횞짢횞횞 횞횞횞짖횞횞횞짧 횞짚횞횞횞횞짠횞횞횞횞짧,횞징횞횞횞횞 횞횞 횞횞짠횞짤횞횞짢횞횞 횞횞횞짖횞횞횞짧 횞횞짢횞횞횞 횞횞횞횞횞짧,횞횞 횞횞짧횞짤횞횞횞횞짧 횞 횞횞횞 횞횞짧,D
19,횞징횞횞횞횞 횞횞 횞짧횞짖횞징횞횞짠횞짧횞횞횞 횞횞횞짤횞횞짢횞횞짧 횞짢횞짚횞횞횞횞짧,횞횞횞 횞횞횞짢횞 횞징횞횞횞횞?,횞횞짝횞 횞횞 횞짚횞짖횞횞횞 횞횞짤횞짢 횞횞짤 횞짚횞횞횞 횞짝횞횞횞 횞횞횞짢횞횞횞짧 횞짚횞횞횞짖횞 횞횞 횞횞횞횞 횞횞횞횞,횞횞짝횞 횞횞 횞짚횞짖횞횞횞 횞횞짤횞짢 횞횞 횞횞 횞횞횞짝횞짖 횞횞횞 횞횞짠횞짢횞 횞횞횞횞,횞횞짝횞 횞횞 횞짚횞짖횞횞횞 횞횞짤횞짢 횞횞 횞횞 횞횞횞짝횞짖 횞횞횞 횞횞징횞짖 횞짤횞횞횞짧횞 횞횞횞짚횞횞짖,횞횞짙 횞짧횞짤횞횞횞 횞횞횞 횞 횞 횞횞횞 횞,A
20,횞징횞횞횞횞 횞횞 횞짧횞짖횞징횞횞짠횞짧횞횞횞 횞횞횞짤횞횞짢횞횞짧 횞짢횞짚횞횞횞횞짧,횞횞횞 횞횞짚횞횞짖?,횞횞짝횞 횞짤횞횞 횞횞 횞횞 횞횞횞짝횞짖 횞횞횞횞횞짧 횞횞횞짢횞횞,횞횞짝횞 횞짤횞횞 횞횞 횞횞 횞횞횞짢횞횞 횞횞짧횞횞횞 횞,횞횞짝횞 횞횞 횞횞횞짤횞횞 횞짠횞횞횞 횞횞횞횞짢횞횞 횞횞짚횞횞횞짖횞 횞횞횞짢횞횞횞횞짧 횞횞횞횞 횞횞 횞횞횞짠 횞횞짢횞횞횞짤 횞횞 횞횞징횞횞횞횞,횞횞짙 횞짧횞짤횞횞횞 횞횞횞 횞 횞 횞횞횞 횞,C
21,횞징횞횞횞횞 횞횞 횞짧횞짖횞징횞횞짠횞짧횞횞횞 횞횞횞짤횞횞짢횞횞짧 횞짢횞짚횞횞횞횞짧,횞횞짧횞 횞횞 횞 횞횞횞 횞횞 횞횞횞 횞횞짢횞횞?,횞횞횞짤횞짢 횞횞 횞횞 횞짧횞횞짧 횞횞짤횞짠횞횞횞짧 횞횞짤횞횞짢횞횞,횞횞 횞횞짧횞짤횞횞횞횞짧 횞 횞횞횞 횞횞짧,횞횞횞짤횞짢 횞횞 횞횞 횞짧횞횞짧 횞횞횞횞짤횞 횞횞 횞횞횞짠횞횞 횞횞횞짚횞 횞,횞횞횞짤횞짢 횞횞 횞횞 횞횞횞짝횞 횞횞짤횞횞횞 횞횞횞 횞 횞횞짧 횞횞짤횞횞횞횞 횞횞짢횞횞,B
22,횞횞횞횞횞짧 횞횞횞횞횞횞횞짧,횞횞횞 횞횞횞 횞횞짖횞횞짢 횞횞횞짖횞횞 횞횞 횞횞횞횞 횞짝횞횞 횞짢횞횞?,횞징횞짢횞횞 횞횞횞횞,횞횞횞 횞짖횞횞횞횞,횞횞짢횞횞 횞횞횞횞 횞횞짠횞짝횞횞짖횞,횞횞횞짤횞 횞횞횞횞 횞짖횞횞짢 횞횞횞짝횞횞짧 횞짢횞횞횞횞 (XL 횞횞횞횞횞횞),D
23,횞횞횞횞횞짧 횞횞횞횞횞횞횞짧,횞횞횞 횞횞횞횞횞짧 횞 횞횞횞횞횞짧 횞횞짧횞횞짢횞횞짧?,횞횞 ,횞횞,"횞횞, 횞횞횞횞횞짧 횞횞짧횞횞짢횞횞짧 횞횞횞짢횞횞횞 횞횞횞짠횞횞횞횞짧 횞횞횞횞짢횞횞",횞짧횞횞짢횞횞짧 횞횞 횞횞 횞횞짖횞 횞횞횞,C
24,횞횞횞횞횞짧 횞횞횞횞횞횞횞짧,횞횞횞 횞횞횞횞횞횞짧 횞횞횞 횞짤횞횞짠횞횞 횞횞횞짢?,횞횞,횞횞 ,횞횞횞횞횞횞짧 횞짠횞횞횞횞짧 횞횞횞 횞짤횞횞짠횞횞 횞횞횞짢,횞횞횞횞횞횞짧 횞횞 횞횞짤횞횞,C
25,횞횞횞횞횞짧 횞횞횞횞횞횞횞짧,횞횞횞 횞횞짤 횞횞횞횞 횞횞횞짠횞짧횞횞짧 횞횞횞횞짢횞횞짧 횞짖횞횞횞횞횞?,"횞횞짖횞 횞횞횞짢횞, 횞횞짖횞징횞횞짠 횞횞횞횞 횞횞짠횞횞횞 횞횞횞짢횞횞 횞횞횞 횞횞짖횞짧 횞징횞횞횞횞 횞횞","횞횞짖횞 횞횞횞짢횞 횞횞횞 횞 횞횞횞횞횞, 횞횞짤 횞짠횞짝횞횞쨈횞짧",횞횞짖횞 횞횞횞짢횞 횞짚횞횞횞짢 횞횞횞횞짢횞횞횞짧,횞횞짖횞 횞횞횞짢횞 횞횞횞짢횞횞 횞짢횞짠 횞짖횞 횞짢횞횞횞횞짧 횞횞짖횞횞횞,A
26,횞횞횞횞횞짧 횞횞횞횞횞횞횞짧,횞횞횞횞 횞횞횞횞 횞횞짢횞짤횞횞 횞횞횞짝횞짖 횞횞횞짢횞횞횞짧 횞횞횞 횞횞짖횞짧 횞징횞횞횞횞 횞횞 횞횞횞횞짢횞?,횞횞짖횞 횞횞횞횞짢횞,횞짠횞짝횞횞쨈횞짧,횞횞 횞횞,"횞횞짖횞 횞횞짠횞짝횞횞짖, 횞짠횞짝횞횞쨈횞짧, 횞횞횞횞 횞 횞횞횞횞횞횞짧. 횞횞횞짧횞횞 횞횞짧횞짚횞짠횞횞",D
27,횞횞횞횞횞짧 횞횞횞횞횞횞횞짧,횞횞횞 횞횞횞횞짢횞횞짧 횞횞짧횞짢 횞횞짖횞횞횞횞 횞횞 횞횞횞 횞횞 횞짚횞횞횞짧?,횞횞횞횞짢횞횞짧 횞횞 횞횞횞횞짢횞 횞횞횞횞 횞횞짖횞횞횞횞,횞횞횞횞짢횞횞짧 횞횞횞 횞횞짧횞횞횞 횞횞횞징횞횞," 횞횞횞횞짢횞횞짧 횞짚횞횞횞짖횞짧 횞횞횞짤횞횞횞, 횞횞횞횞횞횞짧 횞횞횞횞짖횞횞횞횞짧","횞횞횞횞짢횞횞짧 횞횞 횞횞횞짢 횞횞짖횞횞횞, 횞짖횞 횞횞짧횞짢횞횞 횞횞짧.",C
28,횞횞횞횞횞짧 횞횞횞횞횞횞횞짧,횞횞횞 횞 횞횞짖횞횞 횞횞짖횞짢횞횞횞짧 횞횞횞짠횞횞횞횞횞횞짧 횞횞짢횞횞?,횞횞횞 횞횞짖 횞짧횞횞횞 횞횞짧 횞 횞짚횞횞짝횞횞짧,횞횞짝횞횞짝횞 횞횞짧 횞횞짖횞횞횞횞짧 횞횞횞횞횞횞,횞횞횞짚횞횞횞짧 횞횞짧 횞횞횞횞횞짢횞횞짧,횞횞횞짚횞횞횞짧 횞횞짧 횞횞 횞횞짝횞횞횞짧 횞횞 횞짚횞횞횞짧 횞짤횞 횞횞횞 횞횞짖,A
29,횞횞횞횞횞짧 횞횞횞횞횞횞횞짧,횞횞횞횞짖 횞횞 횞횞 횞 횞짝횞짢횞횞횞횞 횞짧횞짠횞 횞횞짖횞짢횞횞짧 횞횞 횞횞횞횞 횞횞횞횞횞횞짧 (39001)?, 횞횞횞 횞횞짖횞짠횞횞 횞횞횞짢 횞횞 횞횞,횞횞짖횞짠횞횞 횞횞횞짢 횞짧횞짝횞짢횞횞횞짧 횞횞횞횞짠,횞횞횞 횞횞횞횞 횞횞횞짠횞짧횞횞짧 횞횞짧횞짠횞 횞횞징횞횞 횞횞,횞횞횞 횞횞짚횞짠횞 횞짖횞 횞횞짚횞짖횞횞횞횞짧 횞횞횞횞짚횞횞횞짧 횞횞짧 횞횞징횞횞횞횞 횞횞 횞짤횞 횞짧횞횞횞 횞횞짧,D
30,횞횞횞횞횞짧 횞횞횞횞횞횞횞짧,횞횞횞 횞짧횞짠횞 19001 횞횞횞횞짢 횞횞짖횞횞횞짢 횞횞횞짢횞횞횞 횞짤횞횞횞횞짢횞 횞횞짧횞 횞짖횞횞횞?,횞횞. 횞짖횞 횞횞횞 횞횞횞횞횞 횞횞횞짖횞짠횞 횞횞횞횞짢횞 횞횞횞,횞횞.,횞횞횞 횞짠횞짤횞짢 횞횞횞 횞횞 횞횞 횞횞짧횞짠횞,횞횞 횞짧횞횞횞 횞짢횞짠 횞횞횞짤횞짧횞횞짤횞 횞횞횞짢횞,A
31,횞횞횞횞횞짧 횞횞횞횞횞횞횞짧,횞횞횞 횞횞횞 횞짖횞횞짢 횞횞짖횞횞 횞횞 횞횞짠횞짝횞횞쨈횞짧 횞횞 횞횞짤횞 횞횞짖횞짠횞 횞횞짧횞짚횞짖횞횞?,횞횞,횞횞,횞횞 횞짠횞짤횞횞짢 횞횞짠횞짝횞횞쨈횞짧,횞횞 횞횞짖횞짢횞횞짧 횞횞징횞횞횞 횞횞횞횞횞 횞횞횞횞짖횞횞 횞횞 횞횞횞횞 횞짝횞횞 횞짢횞횞,D
32,횞 횞횞횞횞 횞짖횞징횞짠,횞횞횞횞횞횞 횞횞짖횞징횞횞짠횞짧 횞횞횞횞짚횞 횞횞짤횞횞짢 횞횞횞짤횞횞횞 횞짤횞횞짤횞횞 횞횞횞짠횞 횞횞횞짢횞횞횞 횞횞횞:,횞짚횞횞짖횞횞짧 횞짢횞짠 횞횞횞짢횞횞횞 횞짝횞횞횞횞짢횞,횞횞횞횞횞짧 횞짠횞,횞횞횞횞횞짧 횞횞횞,횞횞횞 횞 횞짤횞횞짧횞짚횞 횞횞짠횞횞횞짧 횞횞횞횞횞횞짧,B
33,횞 횞횞횞횞 횞짖횞징횞짠,횞횞횞횞 횞횞횞횞짢횞횞횞 횞횞횞짤횞짚횞횞짖횞횞 횞짖횞 횞횞횞횞 횞횞짤횞횞횞횞 횞횞횞짚횞횞짠횞횞 횞 횞횞짝횞 횞횞짧 횞횞횞횞짢횞 횞횞횞:,횞횞횞징횞짢 횞횞짖횞횞횞횞 횞짤횞 횞횞짖횞횞횞횞횞,횞징횞횞횞 횞횞짧횞짠횞짝횞횞 횞짤횞 횞횞횞짢횞횞횞,횞짤횞횞횞짧 횞횞짚횞짢횞징횞횞 횞횞횞짧횞짖횞횞횞횞,횞짤횞횞짢횞횞짧횞 횞횞짖횞횞짢 횞횞횞짠횞횞횞횞횞,A
34,횞 횞횞횞횞 횞짖횞징횞짠,횞횞횞횞횞 횞짤횞횞짧횞횞짚횞횞짧 횞횞횞:,횞횞횞짙 횞짝횞횞횞횞짢횞 횞횞횞짢횞횞 횞횞짧 횞횞 횞횞징횞횞횞횞횞횞짧 횞횞횞횞 횞횞횞 횞횞횞,횞횞횞짙 횞짤횞횞횞짢횞짧횞 횞횞징횞짚횞짠 횞짤횞횞짢횞횞짧횞횞 횞횞횞횞짢횞,횞횞횞짙 횞횞짚횞횞짖횞 횞짖횞 횞짖횞짠횞짢횞횞 횞횞짧 횞짤횞 횞짤횞횞짧횞횞짙 횞횞짖횞횞짢횞 횞횞횞횞횞짧,횞횞횞짢횞 횞횞 횞횞횞짢횞 횞횞횞횞짢횞 횞횞횞짢횞횞횞 횞횞횞횞횞횞짧 횞횞횞횞짢횞,C
35,횞 횞횞횞횞 횞짖횞징횞짠,횞횞횞횞짠횞짧 횞횞횞짢횞횞횞 횞횞횞횞횞횞횞짧 (횞짖횞짚횞쨈횞 횞횞징횞횞짢 횞횞횞횞짢횞짢횞횞) 횞횞횞:,"횞횞횞짙, 횞횞횞횞횞, 횞횞횞횞짠횞, 횞횞횞횞짢","횞횞횞횞짢, 횞횞횞짙, 횞횞횞횞횞, 횞횞횞횞짠횞","횞횞횞짙, 횞횞횞횞짢, 횞횞횞횞짠횞, 횞횞횞횞횞"," 횞횞횞횞횞, 횞횞횞횞짠횞, 횞횞횞횞짢, 횞횞횞짙",A
36,횞 횞횞횞횞 횞짖횞징횞짠,횞횞횞횞횞횞짧 횞횞짚횞횞짠횞횞:,횞횞짢횞횞횞 횞횞횞횞 횞횞횞짧횞 횞횞 횞짖횞 횞횞횞 횞횞 횞횞 횞횞횞,횞횞짢횞횞횞 횞횞횞횞 횞횞횞짧횞 횞횞 횞짖횞 횞횞횞 횞횞징횞짚횞짢 횞횞 횞횞횞횞,횞횞횞 횞짖횞횞횞 횞횞횞횞 횞횞 횞횞 횞횞짤횞횞짢 횞횞횞 횞횞횞횞,횞횞횞 횞횞 횞횞 횞횞횞횞 횞횞짚횞횞짙 횞횞횞 횞횞횞횞,C
37,횞 횞횞횞횞 횞짖횞징횞짠,횞횞횞짢횞 횞횞짖횞쨈횞:,횞횞짢횞횞횞 횞횞횞횞 횞횞횞짧횞 횞횞 횞짖횞 횞횞횞 횞횞 횞횞 횞횞횞,횞횞짢횞횞횞 횞횞횞횞 횞횞횞짧횞 횞횞 횞짖횞 횞횞횞 횞횞징횞짚횞짢 횞횞 횞횞횞횞,횞횞횞 횞짖횞횞횞 횞횞횞횞 횞횞 횞횞 횞횞짤횞횞짢 횞횞횞 횞횞횞횞,횞횞횞 횞횞 횞횞 횞횞횞횞 횞횞짚횞횞짙 횞횞횞 횞횞횞횞,C
38,횞 횞횞횞횞 횞짖횞징횞짠,횞횞횞횞횞 횞짤횞횞짧횞횞짚횞횞짧:,횞횞횞짙 횞짝횞횞횞횞짢횞 횞횞횞짢횞횞 횞횞짧 횞횞 횞횞징횞횞횞횞횞횞짧 횞횞횞횞 횞횞횞 횞횞횞,횞횞횞짙 횞짤횞횞횞짢횞짧횞 횞횞징횞짚횞짠 횞짤횞횞짢횞횞짧횞횞 횞횞횞횞짢횞,횞횞횞짙 횞횞짚횞횞짖횞 횞짖횞 횞짖횞짠횞짢횞횞 횞횞짧 횞짤횞 횞짤횞횞짧횞횞짙 횞횞짖횞횞짢횞 횞횞횞횞횞짧,횞횞횞짢횞 횞횞 횞횞횞짢횞 횞횞횞횞짢횞 횞횞횞짢횞횞횞 횞횞횞횞횞횞짧 횞횞횞횞짢횞,A
39,횞 횞횞횞횞 횞짖횞징횞짠,횞횞짤횞짚횞짖횞:,"횞횞횞횞횞짧 횞횞횞횞횞 횞횞횞 횞횞짤횞횞 횞횞 횞짖횞횞횞, 횞횞짧횞 횞횞횞횞짧, 횞횞횞짢횞 횞짤횞 횞짤횞횞 횞횞짖",횞횞횞횞횞짧 횞횞짤횞횞횞 횞횞짖횞횞횞횞횞,횞횞횞횞횞짧 횞횞횞짤횞횞 횞짝횞횞횞짧,횞횞횞횞횞짧 횞횞횞횞횞 횞횞횞 횞횞횞횞 횞횞짧 횞짢횞짝횞횞 횞횞짧 횞짤횞 횞횞횞횞횞짧 횞횞 횞 횞횞 횞짢횞짝횞횞 횞 횞횞횞,C
40,횞 횞횞횞횞 횞짖횞징횞짠,횞짖횞횞짝횞횞:,"횞횞횞횞횞짧 횞횞횞횞횞 횞횞횞 횞횞짤횞횞 횞횞 횞짖횞횞횞, 횞횞짧횞 횞횞횞횞짧, 횞횞횞짢횞 횞짤횞 횞짤횞횞 횞횞짖",횞횞횞횞횞짧 횞횞짤횞횞횞 횞횞짖횞횞횞횞횞,횞횞횞횞횞짧 횞횞횞짤횞횞 횞짝횞횞횞짧,횞횞횞횞횞짧 횞횞횞횞횞 횞횞횞 횞횞횞횞 횞횞짧 횞짢횞짝횞횞 횞횞짧 횞짤횞 횞횞횞횞횞짧 횞횞 횞 횞횞 횞짢횞짝횞횞 횞 횞횞횞,D
41,횞 횞횞횞횞 횞짖횞징횞짠,횞횞짠횞횞짢횞횞짧 횞횞짖횞횞짝횞횞:,횞횞횞짤횞횞횞짧 횞징횞횞횞횞짧횞횞짧 횞횞횞횞짤횞짢 횞횞 횞횞횞횞횞짧,"횞횞짖횞짢횞횞짧 횞짤횞짢횞횞 횞횞횞짤횞횞횞 횞횞횞짢횞횞횞, 횞횞횞짤횞 횞횞횞짠횞횞짢횞횞짧 횞횞횞 횞짚횞횞짢횞횞짝횞횞",횞짠횞횞짢횞횞 횞횞횞횞짠횞횞 횞횞짤횞짚횞짖횞 횞횞횞짢횞횞횞,횞횞 횞횞짧횞짤횞횞횞횞짧 횞 횞횞횞 횞횞짧,D
42,횞 횞횞횞횞 횞짖횞징횞짠,횞횞횞짢횞횞횞짧:,횞횞징횞횞짢횞짧 횞횞횞 횞횞횞짤횞횞횞 횞횞횞짚횞횞짚횞횞,횞횞징횞횞짢횞짧 횞횞횞 횞횞횞짤횞횞횞 횞횞횞횞횞 횞횞,횞횞징횞횞짢횞짧 횞횞횞 횞짚횞횞짢횞횞짝횞횞 횞횞횞횞횞 횞횞,횞횞징횞횞짢횞짧 횞횞횞짢횞횞횞짧 횞횞짖횞횞횞횞횞,A
43,횞 횞횞횞횞 횞짖횞징횞짠,횞짢횞횞횞횞:,횞짢횞횞횞횞 횞횞징횞횞횞횞횞횞짧 횞횞횞횞 횞횞횞 횞횞횞,횞짢횞횞횞횞 횞횞징횞횞횞횞횞횞짧 횞횞횞횞 횞횞짖횞횞횞횞횞,횞횞짖횞횞짢횞짧 횞횞횞짠 횞횞짧횞짚횞짠횞횞횞 횞횞횞 횞횞 횞횞횞짚횞횞짚횞횞,횞횞짖횞횞짢횞짧 횞횞횞짠 횞횞짧횞짚횞짠횞횞횞 횞횞짖횞횞횞 횞횞횞 횞횞,C
44,횞 횞횞횞횞 횞짖횞징횞짠,횞횞횞 횞 횞짚횞횞짢횞횞횞,횞횞짖횞짢횞횞짧 횞짠횞짤횞짢횞횞 횞횞횞짤횞횞짧 횞횞횞 횞횞횞 횞횞횞 횞횞짖횞횞횞횞횞,횞횞짖횞짢횞횞짧 횞짠횞짤횞짢횞횞 횞횞횞짢횞짧횞횞횞 횞횞횞 횞횞짖횞횞횞횞횞,횞횞횞 횞 횞횞횞횞횞징횞징 횞짖횞 횞횞횞횞짠횞짧 횞짖횞횞횞횞 횞횞짧횞짚횞짠횞횞횞횞 횞횞횞횞횞짢횞횞,횞횞횞 횞 횞횞횞횞횞징횞징 횞짖횞 횞횞짖횞짢횞횞짧 횞짠횞짤횞짢횞횞 횞횞횞짢횞짧횞횞횞 횞횞횞짠횞짢횞횞횞횞,C
45,횞 횞횞횞횞 횞짖횞징횞짠,횞횞횞 횞 횞횞짚횞횞짢횞횞횞,횞횞짖횞짢횞횞짧 횞짠횞짤횞짢횞횞 횞횞횞짤횞횞짧 횞횞횞 횞횞횞 횞횞횞 횞횞짖횞횞횞횞횞,횞횞짖횞짢횞횞짧 횞짠횞짤횞짢횞횞 횞횞횞짢횞짧횞횞횞 횞횞횞 횞횞짖횞횞횞횞횞,횞횞횞 횞 횞횞횞횞횞징횞징 횞짖횞 횞횞횞횞짠횞짧 횞짖횞횞횞횞 횞횞짧횞짚횞짠횞횞횞횞 횞횞횞횞횞짢횞횞,횞횞횞 횞 횞횞횞횞횞징횞징 횞짖횞 횞횞짖횞짢횞횞짧 횞짠횞짤횞짢횞횞 횞횞횞짢횞짧횞횞횞 횞횞횞짠횞짢횞횞횞횞,D
46,횞 횞횞횞횞 횞짖횞징횞짠,횞횞짢횞횞횞 횞짖횞징횞짠횞,횞횞짢횞횞횞 횞횞짚횞횞짖횞 횞횞횞짧횞 횞횞횞횞짧,횞횞짢횞횞횞 횞횞횞징횞짚횞짠 횞짤횞횞짢횞횞짧 횞횞횞횞짢횞,횞횞짢횞횞횞 횞횞짚횞횞짖횞 횞횞횞횞짢횞횞짧 횞짢횞횞횞,횞횞짢횞횞횞 횞횞횞짖횞횞횞짧 횞횞 횞짤횞횞 횞짚횞짢횞횞횞횞,C
47,횞짤횞횞횞횞짧 횞횞횞횞짧횞횞횞짧 횞횞짖횞짠횞짢횞횞 횞횞짧 횞횞횞횞짤횞횞 횞짧횞횞횞횞짢 횞횞횞횞횞,횞횞횞 횞횞횞횞짢횞짧 횞짧횞횞횞횞짢?,횞횞짖횞짢횞횞짧 횞짖횞횞횞짧 횞횞횞횞횞짧 횞횞짤횞횞짢횞횞짧 횞횞횞횞횞,횞짧횞횞짤횞횞 횞횞횞횞 횞징횞횞짧 횞횞짚횞횞횞 횞짝횞횞횞횞횞횞짧 횞짤횞 횞횞짖횞징횞짠,횞짤횞횞횞 횞횞횞횞횞횞짧 횞짢횞횞횞횞횞횞짧 횞횞횞횞,횞짧횞짠횞짝횞횞 횞짤횞 횞짧횞 횞횞 횞횞횞횞 횞횞짖횞징횞짠,A
48,횞짤횞횞횞횞짧 횞횞횞횞짧횞횞횞짧 횞횞짖횞짠횞짢횞횞 횞횞짧 횞횞횞횞짤횞횞 횞짧횞횞횞횞짢 횞횞횞횞횞,횞횞횞 횞징횞횞횞 횞횞짖횞횞횞횞횞짧 횞횞횞짢횞횞횞횞횞 횞횞짧횞횞횞횞짢 횞횞횞횞횞,횞짖횞횞횞횞횞짧 횞횞횞횞횞 횞횞짖횞횞횞횞횞짧 횞짧횞횞횞횞짠횞,횞짖횞횞횞횞횞짧 횞짠횞횞횞짖횞횞짧 횞횞짖횞횞횞횞횞짧 횞횞짤횞짧횞 횞횞짧,횞짖횞횞횞횞횞짧 횞횞횞 횞횞짖횞횞횞횞횞짧 횞짠횞횞횞횞횞횞짢,횞짖횞횞횞횞횞짧 횞짧횞짚횞짖횞횞 횞횞짖횞횞횞횞횞짧 횞 횞횞횞횞,B
49,횞짤횞횞횞횞짧 횞횞횞횞짧횞횞횞짧 횞횞짖횞짠횞짢횞횞 횞횞짧 횞횞횞횞짤횞횞 횞짧횞횞횞횞짢 횞횞횞횞횞,횞횞횞횞 횞짤횞횞횞 횞횞짧횞횞횞횞 횞횞횞횞횞횞횞짧 횞횞횞횞짤횞짚횞짖횞횞짧 횞횞짖횞횞짠횞짢 횞횞횞횞횞?,횞짤횞횞횞짧 횞짖횞횞횞짧 횞횞횞횞짝횞짖횞짧 ,횞짤횞횞횞짧 횞짧횞횞횞횞짢 횞횞짚횞 횞횞횞,횞짤횞횞횞짧 횞짧횞횞횞횞짢 횞횞짚횞 횞징횞횞 횞횞횞횞짖횞,횞짤횞횞횞짧 횞짚횞횞횞징 횞짢횞횞횞,B
50,횞짤횞횞횞횞짧 횞횞횞횞짧횞횞횞짧 횞횞짖횞짠횞짢횞횞 횞횞짧 횞횞횞횞짤횞횞 횞짧횞횞횞횞짢 횞횞횞횞횞,횞횞횞짝횞 횞횞횞횞짤횞 횞짧횞횞횞횞짢 횞횞짚횞 횞짠횞횞횞횞횞횞짢?,횞횞횞횞짢 = 횞짖횞횞횞짧 횞횞짤횞짖횞 * 횞횞징횞짚횞짢 횞횞짤횞짖횞횞짧,횞횞횞횞짢 = 횞짖횞횞횞짧 횞횞짠횞횞횞횞횞횞짢 * 횞횞징횞짚횞짢 횞횞짠횞횞횞횞횞횞짢횞횞,횞횞횞횞짢 = 횞짖횞횞횞짧 횞횞횞횞짝횞짖횞짧 횞짤횞 횞횞횞 횞횞 횞징횞횞짖횞횞짧,횞횞횞횞짢 = 횞짖횞횞횞짧 횞횞횞횞횞짧 + 횞횞횞횞 횞짢횞횞횞,B
51,횞짤횞횞횞횞짧 횞횞횞횞짧횞횞횞짧 횞횞짖횞짠횞짢횞횞 횞횞짧 횞횞횞횞짤횞횞 횞짧횞횞횞횞짢 횞횞횞횞횞,횞횞횞 횞횞짧횞짢횞횞 횞횞짢횞횞횞 횞짤횞 횞짤횞횞횞짧 횞짚횞횞횞징 횞짢횞횞횞?,횞짚횞짤횞횞횞짧 횞횞짧횞횞횞횞짢,횞짤횞횞횞짢횞 횞짖횞 횞짢횞횞횞횞횞횞짧 횞짠횞횞횞짖,횞횞짧횞횞횞 횞횞횞횞횞횞횞짧 횞짠횞짝횞짢횞횞짧 횞횞횞횞,횞횞횞짤횞횞 횞횞짚횞 횞짤횞짖횞횞짧 횞짖횞횞횞횞,B
52,횞짤횞횞횞횞짧 횞횞횞횞짧횞횞횞짧 횞횞짖횞짠횞짢횞횞 횞횞짧 횞횞횞횞짤횞횞 횞짧횞횞횞횞짢 횞횞횞횞횞,횞횞횞횞 횞횞횞짢횞 횞횞횞 횞 횞횞짤횞짚횞횞짖 횞짖횞 횞짖횞횞횞짧 횞횞횞횞횞횞?,횞짧횞횞횞횞짠횞 횞횞횞횞횞,횞횞횞 횞횞횞,횞횞횞횞짧 횞횞횞횞횞횞횞짧 횞횞횞횞횞짤횞횞횞짧,횞횞횞횞횞 횞횞짧횞짤횞횞횞횞횞 횞 횞횞징횞짚횞횞,C
53,횞짤횞횞횞횞짧 횞횞횞횞짧횞횞횞짧 횞횞짖횞짠횞짢횞횞 횞횞짧 횞횞횞횞짤횞횞 횞짧횞횞횞횞짢 횞횞횞횞횞,횞횞횞 횞 횞횞징횞횞짧 횞횞횞짤횞횞 횞횞짚횞 횞짖횞횞횞짧 횞횞횞횞짝횞짖횞짧?,횞짖횞횞횞짧 횞횞횞횞짝횞짖횞짧 = 횞징횞 횞횞 횞횞짖횞횞횞횞횞짧/ 횞횞징횞짚횞짢 횞횞횞횞횞횞횞짧,횞짖횞횞횞짧 횞횞횞횞짝횞짖횞짧 = 횞짖횞횞횞짧 횞횞짠횞횞횞횞횞횞짢 * 횞횞징횞짚횞짢 횞횞짠횞횞횞횞횞횞짢횞횞,횞짖횞횞횞짧 횞횞횞횞짝횞짖횞짧 = 횞짖횞횞횞짧 횞횞짤횞짖횞 * 횞횞징횞짚횞짢 횞횞짤횞짖횞횞짧,횞짖횞횞횞짧 횞횞횞횞짝횞짖횞짧 = 횞짖횞횞횞짧 횞횞횞횞횞짧 + 횞횞횞횞 횞짢횞횞횞,A
54,횞짤횞횞횞횞짧 횞횞횞횞짧횞횞횞짧 횞횞짖횞짠횞짢횞횞 횞횞짧 횞횞횞횞짤횞횞 횞짧횞횞횞횞짢 횞횞횞횞횞,횞횞횞횞 횞짤횞횞횞 횞횞짧횞횞횞횞 횞횞횞횞횞횞횞짧 횞횞짖횞횞횞짧 횞횞횞짚횞 횞짠횞횞횞짖?,횞짤횞횞횞짧 횞짖횞횞횞짧 횞횞징횞횞징횞횞짧,횞짤횞횞횞짧 횞짧횞횞횞횞짢 횞횞짚횞 횞횞횞,횞짤횞횞횞짧 횞짚횞횞횞징 횞짢횞횞횞,횞짤횞횞횞짧 횞짧횞횞횞횞짢 횞횞짚횞 횞 횞짚횞,A
55,횞짤횞횞횞횞짧 횞횞횞횞짧횞횞횞짧 횞횞짖횞짠횞짢횞횞 횞횞짧 횞횞횞횞짤횞횞 횞짧횞횞횞횞짢 횞횞횞횞횞,횞횞횞 횞횞횞짢횞짧 횞횞짧횞횞횞횞짢 횞횞짧횞횞짢횞횞짧횞?,횞짤횞횞짚횞횞짢 횞짢횞횞횞횞횞횞짧 횞짠횞횞횞짖횞,횞횞횞횞횞짧 횞횞횞횞짧 횞횞횞횞횞횞횞짧,횞횞짧횞횞횞짧 횞횞짧횞횞횞횞짢 횞횞짤횞횞짠 횞횞횞짧횞횞짢횞횞짧, 횞횞짚횞횞짧횞짧 횞짖횞횞횞횞횞짧 횞짠횞횞횞짖횞횞짧,C
56,횞짤횞횞횞횞짧 횞횞횞횞짧횞횞횞짧 횞횞짖횞짠횞짢횞횞 횞횞짧 횞횞횞횞짤횞횞 횞짧횞횞횞횞짢 횞횞횞횞횞,횞횞횞횞 횞횞횞 횞횞횞횞횞횞횞 횞횞징횞횞횞짖 횞횞짧횞횞횞횞 횞횞짧횞횞횞횞짢?,횞횞짖횞짢횞횞짧 횞 횞횞횞횞 횞횞횞횞횞횞횞짧,횞짧횞횞횞 횞횞짧 횞횞 횞횞횞횞 횞횞횞 횞횞횞,횞횞짖횞짢횞횞횞짧 횞횞짠횞짢횞짧 횞횞횞횞,횞횞횞 횞짤횞횞횞횞짠 횞횞횞횞횞횞횞횞횞,A
57,횞짤횞횞 횞횞짖 횞횞횞횞쨈횞징,횞횞 횞짢횞짤횞횞 횞횞 횞횞횞 횞횞짢횞횞 횞횞횞짢횞짤횞 횞횞횞횞횞횞짧 횞횞횞횞쨈횞징?,횞 횞횞 횞짤횞짖횞횞짢 횞횞횞짝횞횞횞 횞짠횞횞짢횞징 횞횞횞짚횞횞 횞횞횞횞횞쨈횞징,횞 횞횞 횞횞짖횞 횞짢횞횞짤횞횞횞 횞 횞횞횞횞 횞짧횞짠횞짙,횞 횞횞 횞횞횞짝횞 횞횞짢횞횞횞횞짧 횞짧횞짠횞횞,횞횞 횞횞짧횞짤횞횞횞횞짧 횞 횞횞횞 횞횞짧,D
58,횞짤횞횞 횞횞짖 횞횞횞횞쨈횞징,횞횞 횞짝횞짢횞횞 횞횞횞횞횞짧 횞횞짢횞횞 횞횞횞짤횞짢 횞횞횞횞횞횞횞 횞횞횞횞쨈횞징?,횞짤횞횞짤횞횞짧 횞횞짢횞횞 횞짧횞짠횞횞 횞횞짧,횞횞횞횞 횞 횞횞징횞짙 (횞짢횞횞짢횞횞) 횞짧횞짠횞횞,"횞횞횞짠, 횞짢횞횞짤횞횞횞 횞횞짧 횞횞짧횞횞짠횞짙, 횞횞짢횞횞횞징 횞횞횞횞횞횞짧 횞횞횞횞횞짢 횞횞횞횞횞",횞짚횞 횞징 횞횞횞횞횞 횞짧횞짠횞횞,C
59,횞짤횞횞 횞횞짖 횞횞횞횞쨈횞징,횞횞횞 횞 횞횞징횞짖횞횞 횞횞횞짧횞짢 횞횞횞징횞횞짖 횞횞짢횞횞 횞횞횞횞횞횞 횞횞횞횞쨈횞징?,횞횞짚횞 횞횞짢횞짤횞횞 횞횞짢횞횞짤횞횞횞 횞횞짢횞횞,횞횞징횞횞짢 횞횞횞징횞횞짖 횞 횞횞징횞짖횞횞 횞횞짢횞횞 횞횞횞횞횞횞 횞횞횞횞쨈횞징,횞횞짚횞 횞횞징횞짚횞짢 횞횞횞징횞횞횞짧 횞횞횞짤횞횞횞,횞 횞횞징횞짖 횞횞횞 - 횞짖횞횞횞짢 횞 횞횞 (횞징횞횞) 횞횞횞횞,B
60,횞짤횞횞 횞횞짖 횞횞횞횞쨈횞징,횞횞짧횞 횞횞횞짧횞짢 횞횞짧횞횞횞짠 횞짢횞횞 횞횞횞횞횞횞 횞횞횞횞쨈횞징?,횞짢횞짠 횞횞횞짤횞짢 횞횞횞횞짖횞 횞짠횞짤횞횞짢 횞횞횞,횞짢횞짠 횞횞횞짤횞짢 횞횞횞횞짖횞 횞횞횞횞횞 횞횞횞횞횞횞,횞짢횞짠 횞횞횞횞횞횞짧 횞횞횞횞횞횞횞 횞횞횞횞짢횞횞 횞횞짖횞횞짢횞횞횞,횞횞징횞횞짢 횞횞짧횞횞횞짠 횞짖횞 횞횞횞짖횞 횞횞횞횞쨈횞징,D
61,횞짤횞횞 횞횞짖 횞횞횞횞쨈횞징,횞횞횞 횞횞횞횞횞 횞/횞횞 횞횞 횞횞횞 횞횞횞짢 횞짢횞짤횞횞 횞횞짚횞짢횞횞짠 횞횞횞짖횞 횞횞횞횞쨈횞징?,횞짢횞짠 횞횞횞횞횞 횞횞횞 횞짢횞횞짤횞횞횞 횞횞횞횞횞,횞횞횞 횞횞횞짧횞횞횞 횞횞짚횞짢횞횞짠횞 횞횞짚횞 횞 횞횞 횞횞/ 횞횞횞횞짢횞횞횞 횞횞횞짠횞횞,횞짢횞짠 횞횞횞횞징횞 횞횞횞횞횞짖횞 횞횞횞횞짢횞짤횞 횞횞횞횞횞쨈횞징,횞횞 횞횞짧횞짤횞횞횞횞짧 횞 횞횞횞 횞횞짧,D
62,횞짤횞횞 횞횞짖 횞횞횞횞쨈횞징,횞횞횞 횞횞횞짖횞 횞횞짖횞횞짢횞?,횞횞횞 횞횞횞짖횞 횞짤횞 횞횞횞횞횞횞짧 횞짤횞횞 횞횞짧 횞횞횞횞횞짢횞횞 횞짤횞횞 횞횞,횞횞횞 횞횞횞짖횞 횞횞짖횞횞짢횞 횞짤횞횞횞횞횞횞횞 횞횞횞짧횞 횞횞횞횞횞횞횞짧 횞짧횞짖횞짢횞횞횞횞짧,횞횞횞 횞횞횞횞횞횞짧 횞짤횞횞짧횞횞짤 횞징횞횞짢 횞횞짖횞횞징횞짧횞,횞횞횞횞 횞횞횞횞 횞횞횞횞횞 횞횞횞짖횞짢횞횞 횞횞횞횞 횞 횞횞횞짖횞 횞횞짖횞횞짢횞,A
63,횞짤횞횞 횞횞짖 횞횞횞횞쨈횞징,횞횞 횞횞짤횞횞 횞횞짖횞짤횞횞짧 횞횞짚횞 횞 횞횞짖횞횞 횞짧 횞횞횞짠 횞횞횞횞횞횞횞짧?,횞횞짤횞횞짢횞짢 횞횞짧 횞짤횞징횞짧횞횞횞 횞횞횞횞횞횞횞,횞횞짤횞횞횞짙 횞횞짧 횞횞횞횞횞횞횞짧 횞횞횞횞,횞횞횞횞횞짠 횞횞횞짜 횞횞횞횞횞짢 횞횞횞횞횞횞횞,횞횞횞횞짢 횞횞짧 횞횞횞 횞횞횞횞짢횞짠횞,D
64,횞짤횞횞 횞횞짖 횞횞횞횞쨈횞징,횞횞횞짠횞짢횞 횞짤횞 횞짧횞횞횞 횞 횞짤횞횞 횞횞짖횞횞짢횞 횞짢횞횞 횞횞횞짤횞 횞짖 횞횞횞횞쨈횞징 횞횞횞횞짠:,횞횞징횞횞짢 횞횞횞짚횞짖횞횞 횞횞횞짤횞횞짢횞 횞짠횞짤횞짢 횞횞횞횞짚횞횞 횞횞,횞횞짤 횞횞횞짢횞횞횞짠 횞횞짧 횞횞횞 횞짤횞횞 횞횞횞짧횞횞횞 횞,횞횞짤 횞횞횞짤횞짧횞횞짤 횞횞짝횞횞횞 횞횞횞횞횞횞횞짧,횞횞 횞횞짧횞짤횞횞횞횞짧 횞 횞횞횞 횞횞짧,D
65,횞짤횞횞 횞횞짖 횞횞횞횞쨈횞징,횞횞 횞횞횞횞짢 횞짤횞횞 횞횞횞짢횞횞 (횞짧횞횞짢횞횞짢) 68 횞횞쨀?,횞횞횞 횞횞징횞 횞횞횞짤횞횞횞횞짧 횞횞횞횞,횞횞횞 횞횞징횞 횞횞횞짤횞횞횞횞짧 횞횞징횞횞짢횞,횞횞횞 횞횞 횞횞징횞 횞횞횞 횞징횞횞횞 횞짢횞횞 횞횞횞횞횞횞 횞횞횞횞쨈횞징,횞횞횞 횞횞짤횞횞짖횞횞짧 횞횞짢횞횞 횞횞횞횞횞횞 횞횞횞횞쨈횞징,D
66,횞짤횞횞 횞횞짖 횞횞횞횞쨈횞징,횞횞 횞횞징횞짚횞짢 횞횞짧횞짠횞 횞 횞횞짤횞횞횞횞 횞짤횞횞횞횞짢횞횞 횞횞횞횞횞짧 횞횞짢횞횞 횞횞횞횞횞횞 횞횞횞횞쨈횞징?,횞횞짧횞짠횞 2 횞횞횞횞횞짢 횞횞횞횞,횞횞짧횞짠횞 횞횞횞짚횞 횞횞 횞횞횞횞,횞횞횞 횞짝횞횞짢횞 횞횞횞짧횞짠횞 횞 횞짤횞횞횞횞,3 횞횞짧횞짠횞 횞 횞짤횞횞횞횞 횞횞짝횞횞횞 횞횞횞짤횞횞횞짧 횞횞횞횞횞횞짢,D
67,횞짤횞횞횞횞짧 횞짢횞횞 횞횞횞횞횞횞,횞짚횞짢횞 횞짖횞횞징횞횞짠횞횞 횞횞징횞횞짢횞횞 횞짖횞 횞횞짤횞횞횞,횞횞횞짧횞짢 횞횞짤횞횞횞 횞짢횞횞 횞횞짖횞징횞횞짠 횞횞횞 횞횞짠횞짝횞횞짖 횞횞 횞횞징횞짙 횞횞짤횞횞횞횞짧 횞짢횞횞,횞횞징횞횞짢 횞횞짤횞횞횞 횞짢횞횞 횞횞짖횞징횞횞짠 횞횞횞짙 횞횞짠횞짝횞횞짖 횞횞횞짢 횞횞횞 횞짢횞짠 횞횞짤횞횞횞횞짧 횞짢횞횞,"횞짖횞횞징횞횞짠횞횞 횞횞횞횞횞횞, 횞짧횞횞횞횞 횞횞횞횞횞짢횞짧 횞짢횞횞, 횞횞 횞횞 횞횞짠횞짝횞횞짖횞 횞횞횞횞징횞, 횞짠횞짝횞횞 횞횞횞횞횞횞짧, 횞횞 횞짖횞횞징횞횞짠 횞횞짖횞횞횞 횞횞횞짖횞횞횞 횞횞짧 횞횞짤횞횞횞 횞횞 횞횞횞횞 횞짖횞 횞횞횞 횞횞",횞횞횞짧횞짢 횞횞짖횞징횞횞짠 횞짢횞짠 횞횞짤횞횞횞횞짧 횞짢횞횞 횞횞짖횞징횞짠횞 횞횞횞횞횞,C
68,횞짤횞횞횞횞짧 횞짢횞횞 횞횞횞횞횞횞,횞횞횞 횞횞횞짧횞짢 횞횞짖횞징횞횞짠 횞횞짤횞횞횞횞짧 횞짢횞횞?,횞횞 횞횞횞,횞짢횞짠 횞횞 횞짤횞횞횞횞횞짢 횞횞짧 횞짖횞짝횞횞 횞짤횞횞횞 횞짢횞횞,횞횞 횞짤횞횞횞 횞짢횞횞횞짤 횞횞횞횞 횞횞짖횞징횞횞짠 횞횞 횞횞짤횞횞횞횞짧 횞짢횞횞,횞횞 횞횞짖횞징횞횞짠 횞횞횞 횞횞짤횞횞횞횞짧 횞짢횞횞 횞횞횞 횞횞 횞짢횞짤횞횞 횞횞짚횞 횞짠횞징 횞짤횞횞횞 횞횞짢횞횞 횞횞횞횞횞 횞짧횞짖횞횞횞 횞횞짧횞횞짠횞짙,D
69,횞짤횞횞횞횞짧 횞짢횞횞 횞횞횞횞횞횞,횞횞횞횞 횞횞횞짧횞짢 횞횞횞짤횞짧횞횞짤 횞횞횞횞짠 횞횞짤횞횞횞짤 횞횞짢횞횞 횞횞 23 횞횞횞횞짤횞횞?,"횞횞, 횞횞횞 횞짠횞짤횞짢 횞횞횞짝횞횞","횞횞, 횞짢횞짠 횞횞횞짠 횞짧횞짠횞횞 횞짤횞횞 횞횞횞짝횞짖 횞횞 횞짧횞횞짠횞횞 횞횞 횞짠횞횞횞횞횞","횞횞, 횞짖횞 24 횞횞횞횞짤횞횞 - 횞횞횞짠횞횞 횞횞횞짤횞횞 횞횞횞횞",횞짧횞횞횞 횞횞횞횞횞짧 횞짤횞횞횞 횞횞짢횞횞,C
70,횞짤횞횞횞횞짧 횞짢횞횞 횞횞횞횞횞횞,횞횞횞 횞 횞횞짠 횞횞횞횞횞?,횞횞 횞횞짠 횞횞횞횞횞횞 횞횞횞횞짤횞 횞횞짚횞 횞짤횞횞횞 횞횞횞 횞횞짢횞횞 횞짖횞 횞짚횞 횞횞횞횞횞짢횞횞 횞횞횞짠횞횞횞 횞짤횞 횞횞횞횞 횞횞횞 횞짧횞횞징횞짚횞횞짧 횞횞횞횞횞횞짢횞횞 횞짤횞횞횞짧횞짠횞 횞 횞횞짢횞횞,횞 횞횞짠 횞횞짢횞횞 횞횞짧횞횞짝횞횞 횞횞횞횞짢횞횞짖 횞짧횞횞횞 횞짧횞,"횞횞횞 횞횞횞짢 횞횞횞 횞 횞횞짠 횞횞횞횞횞, 횞횞 횞횞짠 횞횞횞 횞 횞 횞횞짠 횞횞횞짤횞 횞짤횞 횞횞횞짠 횞짖횞 횞횞횞 횞횞짤횞횞횞",횞횞 횞횞짠 횞횞횞횞횞횞 횞횞횞횞짤횞 횞횞짖횞짢횞횞 횞횞횞짤횞횞횞횞 횞짤횞 횞횞짢횞횞 횞횞짚횞 횞횞횞횞횞짢횞횞 횞횞횞짠횞횞횞 횞짤횞 횞횞횞횞,A
71,횞짤횞횞횞횞짧 횞짢횞횞 횞횞횞횞횞횞,횞횞횞횞짢횞짧 횞횞횞횞횞 횞횞횞횞짢 횞횞횞?,횞짢횞횞 횞짤횞짤횞횞횞 횞짢횞횞 횞짠횞횞짖 횞횞횞횞횞 횞짤횞횞횞 횞횞짝횞 횞횞횞횞 횞짤횞횞횞횞짤 횞횞 횞짤횞횞 횞횞짠 횞횞횞횞횞횞 횞횞 횞횞횞 60% 횞횞횞짖횞횞 횞횞짤횞횞횞 횞횞짢횞횞,횞짢횞횞 횞짤횞짤횞횞횞 횞횞횞횞횞 횞횞횞횞짢횞횞 횞횞횞횞횞횞짤,횞짢횞횞 횞짤횞짖횞횞짢 횞짧횞횞횞 횞 횞짠횞짤횞 횞횞횞횞횞횞횞 횞횞횞횞횞 횞횞횞짤횞횞횞짧,횞횞횞 횞횞횞짢 횞횞횞 횞짢횞횞 횞횞횞횞횞횞 횞횞횞횞짢 횞횞짤 횞짢횞짠 횞횞횞횞횞 횞횞횞횞짢 횞횞횞횞횞,A
72,횞짤횞횞횞횞짧 횞짢횞횞 횞횞횞횞횞횞,횞횞횞 횞짚횞횞횞횞징횞 횞횞 횞짧횞짠횞 횞횞짧?,횞짚횞횞횞횞징횞 횞횞 횞짧횞짠횞 횞횞짧 횞횞횞 횞짚횞횞횞횞징횞 횞횞 횞횞횞짠횞횞짧,횞짚횞횞횞횞징횞 횞횞 횞짧횞짠횞 횞횞짧 횞횞횞횞짖횞횞짧 횞횞횞횞 횞횞횞횞횞횞 횞짢횞횞횞짤 횞횞횞짢횞횞짧 횞횞짖횞징횞짠횞횞,횞횞 횞짠횞횞횞 횞횞횞짤횞 횞횞횞,횞횞횞징횞횞 횞짤횞횞횞 횞짖횞 횞 횞횞짠횞횞 횞횞 횞횞횞횞횞 횞짤횞 횞횞횞짖횞 횞짤횞 횞횞짝횞 횞횞짧횞횞 횞횞횞짤횞횞횞짧 횞횞횞횞 횞횞횞횞횞횞,D
73,횞짤횞횞횞횞짧 횞짢횞횞 횞횞횞횞횞횞,횞횞횞 횞횞짤횞짧횞짧횞짚횞횞짧 횞짖횞짝횞횞횞짧 횞횞횞횞횞횞 횞횞짢횞횞?,"횞횞짤횞짧횞짧횞짚횞횞짧 횞짖횞짝횞횞횞짧 횞횞횞 횞횞징횞횞횞 횞짤횞횞횞횞횞횞 횞횞짤횞횞 횞횞횞짠횞짢횞 횞짤횞 횞짧횞횞횞짖횞, 횞횞짚횞 횞 횞짤횞횞횞짢횞짧 횞횞횞횞횞횞 횞횞횞징횞 횞횞짧 횞횞짤횞횞짢",횞횞짤횞짧횞짧횞짚횞횞짧 횞짖횞짝횞횞횞짧 횞횞 횞징횞횞횞 횞짤횞횞횞징횞횞짚횞횞 횞횞짚횞횞횞횞징횞 횞짖횞횞횞짢 횞횞짢횞횞횞짧 횞짖횞짢횞,횞횞짤횞짧횞짧횞짚횞횞짧 횞짖횞짝횞횞횞짧 횞횞횞 횞 횞짠횞횞횞횞짧 횞횞횞횞횞횞 횞짢횞횞 횞횞횞 횞횞횞횞횞횞 횞짢횞횞횞짤 횞횞횞횞,횞횞짤횞짧횞짧횞짚횞횞짧 횞짖횞짝횞횞횞짧 횞횞짤 횞짢횞짠 횞횞짚횞횞짝횞횞 횞짖횞횞횞짢 횞횞짢횞횞횞짧 횞짖횞짢횞,C
74,횞짤횞횞횞횞짧 횞짢횞횞 횞횞횞횞횞횞,"횞횞 횞횞횞횞횞 횞횞횞 횞횞횞횞횞 횞횞횞횞, 횞횞짠횞횞짙 횞횞짝횞 횞횞쨀?",횞횞,횞횞 ,횞횞횞 횞횞횞횞 횞횞횞짠횞짧횞,횞짧횞짠횞 횞 581횞,D
75,횞짤횞횞횞횞짧 횞짢횞횞 횞횞횞횞횞횞,횞횞횞 횞횞횞짢횞짧 횞횞짤횞횞짢횞 횞횞횞횞횞횞짧 횞횞짠횞짝횞횞쨈횞짧 횞횞횞횞횞짠횞짧 횞짢횞횞횞횞?,"횞횞횞 횞횞횞횞, 횞횞횞횞횞 횞횞 횞횞횞횞횞",횞횞횞횞횞 횞횞횞횞 횞횞횞짠횞횞짙 횞횞 횞횞 횞짤횞짝횞짢횞횞 횞횞횞횞횞횞 횞짢횞횞,횞횞횞횞횞 횞횞횞횞 횞횞횞징횞 횞 횞횞짠횞 횞횞횞짙 횞횞짧횞횞횞 횞. 횞횞횞횞횞 횞횞짠횞횞짙 횞횞횞징횞 횞 횞횞짠횞 횞짢횞횞횞짤 횞횞짢횞횞 횞횞횞횞횞횞 횞횞횞짝횞횞횞횞 횞횞횞짢횞횞 횞횞짖횞횞 횞횞횞횞횞 횞짝횞 횞횞쨀 횞횞횞징횞 횞짢횞짠 횞 횞횞짠횞횞 횞횞짝횞 횞짤횞횞횞짤횞,"횞횞횞횞횞 횞횞횞횞 횞횞횞횞짢횞 횞짤횞횞횞횞횞 횞 횞횞횞횞횞횞짧, 횞횞횞횞횞 횞횞짠횞횞짙 횞횞횞징횞 횞 횞횞짠횞 횞짢횞횞횞짤 횞횞짢횞횞 횞횞횞횞횞횞 횞횞횞짝횞횞횞횞 횞횞횞짢횞횞, 횞횞짖횞횞 횞횞횞횞횞 횞짝횞 횞횞쨀 횞횞횞징횞 횞짢횞짠 횞 횞횞짠횞횞 횞횞짝횞 횞짤횞횞횞짤횞.",B
76,횞짤횞횞횞횞짧 횞짢횞횞 횞횞횞횞횞횞,횞횞횞 횞횞횞횞횞 횞횞횞횞?,횞횞횞횞횞 횞횞횞횞 - 횞횞횞횞짢횞 횞짤횞횞횞횞횞 횞 횞횞횞횞횞횞짧,횞횞횞횞횞 횞횞횞횞 횞횞횞징횞 횞횞짧 횞횞횞횞횞짧 횞짤횞 횞횞횞짢횞짧 횞횞횞횞횞횞 횞횞짚횞 횞횞횞짚횞횞짢횞 횞횞짚횞횞횞횞징횞,횞횞횞횞횞 횞횞횞횞 횞횞횞징횞 횞 횞횞짠횞횞 횞짤횞 횞짢횞횞 횞짝횞 횞횞쨀 횞횞횞 횞횞횞,횞횞횞횞횞 횞짤횞횞횞징횞 횞 횞횞짠횞 횞횞횞짙 횞횞짧횞횞횞 횞횞짧 횞횞짢횞횞횞,A
77,횞짧횞짚횞짠횞횞횞 횞짠횞짝횞횞 횞횞횞횞횞횞짧 (횞짠횞짝횞횞쨈횞짧),횞횞 횞횞 횞횞횞짢횞횞 횞횞횞횞횞횞횞짧 횞횞횞횞횞횞 횞횞횞횞 횞횞짠횞짝횞횞쨈횞짧?,횞횞 횞횞 ,횞횞징횞횞짢횞,횞횞 횞짤횞횞징횞횞횞횞 횞횞횞 횞횞짚횞 횞징횞짖횞횞짙 16,횞횞 횞횞 횞횞횞짢횞횞 횞짖횞 횞횞짢횞횞 횞횞횞 횞횞횞횞 횞 횞횞횞횞횞횞짧,C
78,횞짧횞짚횞짠횞횞횞 횞짠횞짝횞횞 횞횞횞횞횞횞짧 (횞짠횞짝횞횞쨈횞짧),횞횞짧 횞횞 횞횞횞횞횞짢횞 횞짧횞짠횞 횞 585?,횞짧횞짠횞 횞횞짧 횞횞짧횞짖횞횞횞짢횞,횞짧횞짠횞 횞횞짧 횞횞횞횞횞짧 횞횞횞짖횞 횞횞,횞짧횞짚횞짠횞횞횞횞 횞짤횞 횞횞짠횞짝횞횞쨈횞짧,횞횞횞짢횞횞횞짧 횞횞횞짖횞 횞횞,C
79,횞짧횞짚횞짠횞횞횞 횞짠횞짝횞횞 횞횞횞횞횞횞짧 (횞짠횞짝횞횞쨈횞짧),횞횞횞짧 횞횞횞횞 횞횞횞 횞 횞횞횞짠 횞짢횞횞 횞짖횞쨈횞 횞짠횞짝횞횞쨈횞짧?,횞횞 45 횞횞횞,횞횞 20 횞횞횞,횞횞횞 횞횞횞횞짢횞 횞횞횞횞짠,횞횞 횞횞짤횞횞횞짖,B
80,횞짧횞짚횞짠횞횞횞 횞짠횞짝횞횞 횞횞횞횞횞횞짧 (횞짠횞짝횞횞쨈횞짧),횞횞횞 횞짢횞짤횞횞 횞짠횞짝횞횞쨈횞짧 횞횞짚횞징횞횞 횞횞짧 횞횞 횞횞횞횞 횞횞짢횞횞?,횞횞,횞횞,횞횞징횞횞짢 횞횞횞 횞횞짖 횞횞짢횞횞 횞횞 횞횞짖 횞횞횞횞횞짤,"횞횞, 횞횞횞짧횞횞 횞횞 횞짠횞횞짧 횞횞짖횞 횞짚횞 횞횞횞 횞짠횞짝횞횞쨈횞짧",D
81,횞짧횞짚횞짠횞횞횞 횞짠횞짝횞횞 횞횞횞횞횞횞짧 (횞짠횞짝횞횞쨈횞짧),횞횞횞 횞횞짠횞짝횞횞쨈횞짧 횞횞횞짧횞짢 횞횞횞짖횞횞횞짢 횞횞횞횞짖 횞횞횞짤횞 횞짤횞 횞횞 횞횞 횞횞횞횞짢횞 횞횞횞 횞횞 횞횞횞짢 횞횞 횞짤횞횞횞횞짤 횞횞 횞 횞횞횞?,횞횞,횞횞,횞횞짠횞짝횞횞쨈횞짧 횞횞횞 횞횞횞짤횞 횞횞짧횞횞짠 횞횞 횞횞,횞횞징횞횞짢. 횞횞횞횞횞짖 횞횞횞 횞 횞 횞횞짧횞 횞횞횞짖횞횞짢횞,D
82,횞짧횞짚횞짠횞횞횞 횞짠횞짝횞횞 횞횞횞횞횞횞짧 (횞짠횞짝횞횞쨈횞짧),횞횞 횞횞횞짢횞횞 횞횞횞횞짢횞 횞짖횞 횞횞횞짢횞횞짧 횞 횞횞횞횞?,횞횞짖횞 횞횞횞횞짧,횞횞징횞횞짢횞,횞짠횞짝횞횞 횞횞횞횞횞횞횞짧 횞횞 횞횞횞 횞횞횞짖횞횞 횞횞횞횞횞짤횞짢 횞횞횞횞 횞횞짚횞 횞징횞횞 횞짢횞횞짤횞횞횞 횞횞짢횞횞,횞횞짖횞 횞횞짢횞횞,C
83,횞짧횞짚횞짠횞횞횞 횞짠횞짝횞횞 횞횞횞횞횞횞짧 (횞짠횞짝횞횞쨈횞짧),횞횞횞 횞짢횞횞짤횞 횞횞짖횞 횞횞짚횞짖횞 횞횞짧횞짧 횞횞 횞횞 횞횞 횞횞횞 횞횞짢횞횞 횞횞짢횞 횞짚횞횞짤 횞짠횞짝횞횞 횞횞횞횞횞횞짧?,횞횞짖횞 횞횞짚횞짖횞 횞횞징횞횞짢 횞횞 횞횞짧횞짧 횞횞 횞횞 횞횞짖횞횞횞짧 횞횞짢횞횞 횞횞짢횞 횞짚횞횞짤 횞짠횞짝횞횞쨈횞짧,횞짠횞짝횞횞 횞횞횞횞횞횞짧 횞횞 횞횞횞횞횞,"횞횞, 횞횞짚횞짤횞짢",횞짠횞짝횞횞 횞횞횞횞횞횞횞짧 횞횞횞짢횞횞 횞짢횞짠 횞짖횞 횞짧횞짠횞횞 횞횞짧 횞횞횞짤횞횞횞짧,A
84,횞짧횞짚횞짠횞횞횞 횞짠횞짝횞횞 횞횞횞횞횞횞짧 (횞짠횞짝횞횞쨈횞짧),횞횞횞 횞짠횞짝횞횞쨈횞짧 횞횞횞횞 횞횞횞횞횞횞짖 횞횞짢횞짤횞횞짧 횞짖횞 횞횞횞짚횞 횞징횞횞횞 횞횞짖횞징횞짠횞짧횞 횞횞횞짚횞짖횞?,횞횞,횞횞,횞횞횞 횞횞횞횞 횞횞횞짠횞짧횞,횞짧횞짠횞 횞 581횞,D
85,횞짧횞짚횞짠횞횞횞 횞짠횞짝횞횞 횞횞횞횞횞횞짧 (횞짠횞짝횞횞쨈횞짧),횞횞횞 횞횞횞짢횞짧 횞횞짤횞횞짢횞 횞횞횞횞횞횞짧 횞횞짠횞짝횞횞쨈횞짧 횞횞횞횞횞짠횞짧 횞짢횞횞횞횞?,"횞. 횞횞, 횞횞횞짧 횞- 6 횞짤횞 횞횞","횞횞짢횞횞횞횞 횞짖횞횞횞횞횞, 횞횞횞 횞짝횞횞짢횞","횞횞, 횞횞횞 횞횞횞횞","횞횞짢횞횞횞횞 횞횞 횞 횞횞짝횞횞횞 횞횞횞횞짢횞짤, 횞횞횞 횞짚횞횞횞짢",A
86,횞짧횞짚횞짠횞횞횞 횞짠횞짝횞횞 횞횞횞횞횞횞짧 (횞짠횞짝횞횞쨈횞짧),횞횞횞짧 횞횞횞횞 횞횞횞 횞횞짤 횞횞짤횞횞횞짢 횞횞횞징횞짠횞횞 횞짤횞 횞횞횞횞횞짢횞짙?,횞횞횞 횞짤횞횞짧횞횞 횞횞짧횞짠횞 횞횞짧,횞횞짧횞짠횞횞짚횞 횞짤횞 180 횞횞횞,횞횞짧횞짠횞횞짚횞 횞짤횞 168 횞횞횞,횞횞횞 횞횞횞횞 횞횞짤횞횞횞짢 횞횞횞징횞짠횞횞,B
87,횞짧횞짚횞짠횞횞횞횞 횞짤횞 횞횞횞 횞횞 횞횞횞짠횞짝횞횞짖횞 횞횞횞짢횞횞횞 횞횞 횞횞짖횞 횞짙 횞횞횞횞횞횞,횞짖횞 횞횞 횞횞횞횞횞짧 횞횞횞횞짢횞횞횞짧 횞횞횞횞 횞짤횞짖횞횞짧 횞 횞횞횞횞 횞횞횞 횞횞횞 횞짤횞 횞횞 횞횞?,횞짖횞 횞짠횞짝횞횞 횞횞횞횞횞횞횞짧 횞횞횞횞,횞짖횞 횞횞징횞횞짢횞 횞횞횞횞,횞짖횞 횞횞 횞횞 횞횞횞횞짝횞짖 횞횞횞횞,횞짖횞 횞횞 횞횞짖횞횞 횞횞짧횞짚횞짠횞횞횞횞 횞횞짠횞짤횞횞짢횞횞 횞횞짤횞횞횞횞 횞횞 횞횞,D
88,횞짧횞짚횞짠횞횞횞횞 횞짤횞 횞횞횞 횞횞 횞횞횞짠횞짝횞횞짖횞 횞횞횞짢횞횞횞 횞횞 횞횞짖횞 횞짙 횞횞횞횞횞횞,횞횞횞 횞횞 횞횞 횞횞짠횞짝횞횞짖횞 횞횞횞횞 횞횞횞짤횞짢 횞횞짖횞횞징횞 횞횞짖횞 횞횞횞짤횞짠횞 횞횞횞횞짧횞짢?,횞짢횞짠 횞횞짠횞짝횞횞 횞횞횞횞횞횞횞짧 횞횞횞짧횞짢,횞횞짧횞 횞횞 횞짤횞횞횞횞짖횞 횞횞 횞횞횞횞 횞횞횞짚횞 횞횞짧 횞횞짢횞횞,횞횞징횞횞짢 횞횞횞 횞횞 횞횞횞짠횞짝횞횞짖횞 횞횞횞짤횞짢 횞횞짖횞횞징횞 횞횞 횞횞횞횞 횞횞짢횞횞짤횞횞횞 횞횞짢횞횞,횞횞 횞횞짧횞짤횞횞횞횞짧 횞 횞횞횞 횞횞짧,C
89,횞짧횞짚횞짠횞횞횞횞 횞짤횞 횞횞횞 횞횞 횞횞횞짠횞짝횞횞짖횞 횞횞횞짢횞횞횞 횞횞 횞횞짖횞 횞짙 횞횞횞횞횞횞,횞횞횞횞 횞횞횞횞횞짚횞횞 횞횞횞짠 횞짤횞횞짢횞횞짧횞 횞횞횞횞횞횞 횞횞 횞횞 횞짖횞횞횞횞?,횞짠횞횞횞횞짜,횞횞횞징횞 횞짚횞짢횞횞 횞횞횞횞횞짢횞 횞횞 횞횞횞,횞횞횞짢횞 횞횞짖횞쨈횞,횞짤횞횞짢횞횞짧 횞횞짧횞 횞횞징횞횞횞짢,D
90,횞짧횞짚횞짠횞횞횞횞 횞짤횞 횞횞횞 횞횞 횞횞횞짠횞짝횞횞짖횞 횞횞횞짢횞횞횞 횞횞 횞횞짖횞 횞짙 횞횞횞횞횞횞,횞횞횞짠 횞횞횞횞짢횞횞짤횞횞짧 횞횞 횞횞짢횞짤횞횞짧 횞횞횞횞 횞횞 횞횞횞짠횞짝횞횞짖횞 횞횞짠횞횞횞짧 횞횞징횞횞횞 횞횞:,횞짧횞횞짤횞 횞횞짤횞짢횞횞,횞횞짖횞 횞 횞횞징횞횞횞 횞짤횞 횞짤횞 횞짧횞횞횞 횞횞짚횞횞횞짧 횞횞짧횞짚횞짠횞횞 횞횞짢횞횞횞 횞 횞횞짧횞횞횞 횞횞횞횞횞횞,횞횞횞 횞횞짖횞 횞짧횞횞횞짢 횞횞횞 횞횞 횞짖횞징횞짠횞횞,횞짢횞짠 횞짧횞짤횞횞횞횞짧 횞횞쨀 횞-횞횞쨀 횞 횞횞횞 횞횞짧,D
91,횞짧횞짚횞짠횞횞횞횞 횞짤횞 횞횞횞 횞횞 횞횞횞짠횞짝횞횞짖횞 횞횞횞짢횞횞횞 횞횞 횞횞짖횞 횞짙 횞횞횞횞횞횞,횞 횞횞짧횞 횞횞짧횞횞횞짖 횞횞횞횞짚횞 횞횞횞짤횞 횞횞 횞횞 횞횞짤횞짢횞 횞횞횞횞횞 횞짤횞 횞횞횞짢횞 횞횞짖횞쨈횞 횞횞횞짠횞짢횞횞 횞횞횞횞횞:,횞 횞횞짢횞짤 횞횞횞 횞횞횞횞 횞횞짖횞횞횞 횞횞짖횞 횞짤횞짖횞횞짧 횞횞짖횞횞횞횞 횞횞횞횞짧횞짢횞횞짧,횞횞횞횞짖 횞횞횞짖횞횞징횞짧 횞횞짧횞짢 횞횞짖횞 횞횞횞짤횞짠횞 횞횞횞횞짧횞짢,횞횞짚횞짤횞짢 횞횞 횞횞횞횞 횞횞 횞횞횞 횞횞짢횞횞 횞횞 횞짧횞짠횞횞,횞횞 횞횞짧횞짤횞횞횞횞짧 횞 횞횞횞 횞횞짧,D
92,"횞횞횞 횞 횞짧횞짖횞횞횞짢횞, 횞짖횞횞횞횞 횞횞짖횞징횞짠횞횞",횞횞횞짝횞 횞횞횞횞횞짢 횞횞횞횞횞횞짢횞짙 횞짖횞짚횞쨈횞 횞짚횞짠횞횞횞짧 횞횞짧횞짖횞횞횞짢횞:,횞횞 횞횞횞횞짢횞횞짧,횞횞횞 횞횞횞횞짚횞 횞횞짤횞횞짢횞짧횞,"횞횞횞짤횞횞짢 횞횞횞횞짧횞짠횞 횞횞짢횞횞 횞횞횞횞횞짖횞 횞횞징횞횞 횞횞 횞횞짢횞짤횞횞 횞횞짧 횞횞횞횞짧 횞횞짢횞횞 횞횞횞짝횞 횞 횞징횞횞짖횞 횞횞 횞짖횞짝횞횞짢횞 횞횞횞 횞횞짧 횞횞짢횞횞짠 횞횞 횞징횞횞짖횞, 횞횞짧 횞횞횞횞짢횞횞짧 횞횞 횞징횞횞짖횞 횞횞횞짧 횞횞횞 횞횞 횞횞횞횞 횞짤횞 횞횞 횞횞횞 횞횞짢횞횞",횞횞횞 횞횞횞횞짢횞 횞횞횞횞횞횞짢횞짙 횞횞짚횞짠횞횞횞짧 횞횞짧횞짖횞횞횞짢횞,C
93,"횞횞횞 횞 횞짧횞짖횞횞횞짢횞, 횞짖횞횞횞횞 횞횞짖횞징횞짠횞횞",횞횞횞횞 횞횞횞횞짤횞짚횞횞횞 횞횞횞횞횞 횞 횞횞횞?,횞짧횞 횞횞 횞횞횞징횞횞 횞짖횞횞횞횞 횞횞횞짤횞 횞횞징횞횞짧횞짢횞짧 횞횞징횞횞 횞짠횞횞횞횞짝횞 횞횞횞 횞횞횞짠횞횞짧,횞짧횞 횞횞 횞횞횞징횞횞 횞짖횞횞횞횞 횞횞횞짤횞 횞횞징횞횞짧횞짢횞짧 횞횞징횞횞 횞짠횞횞횞횞짝횞 횞횞횞 횞횞횞 횞 횞횞횞짠횞횞짧 횞횞횞횞횞 횞횞횞 횞횞짝횞,횞짧횞 횞횞 횞횞횞징횞횞 횞짖횞횞횞횞 횞횞횞짤횞 횞횞징횞횞짧횞짢횞짧 횞횞징횞횞 횞짠횞횞횞횞짝횞 횞횞횞 횞횞횞 횞 횞횞횞짠횞횞짧 횞횞횞 횞 횞횞짧횞 횞횞횞짧횞횞횞짢 횞짖횞횞횞 횞횞횞징횞횞횞짧 횞횞짝횞횞횞횞,횞횞횞 횞횞 횞횞짖횞 횞횞횞짠횞횞짧 횞횞짧횞 횞횞 횞횞횞징횞횞 횞짖횞횞횞횞 횞횞횞짤횞횞짧 횞횞징횞횞짧횞짢횞짧 횞횞징횞횞 횞짠횞횞횞횞짝횞,B
94,"횞횞횞 횞 횞짧횞짖횞횞횞짢횞, 횞짖횞횞횞횞 횞횞짖횞징횞짠횞횞",횞횞횞 횞횞횞짢횞짧횞 횞짤횞 횞횞횞짠 횞짢횞횞짤횞횞 횞짖횞징횞짠횞횞?,횞횞짧횞 횞횞횞횞짧 횞횞횞횞횞횞짧 횞 횞횞횞 횞,횞짤횞횞횞짢횞 횞짖횞 횞횞횞횞횞횞짧 횞횞 횞횞짝횞횞횞 횞횞횞짠횞횞 횞횞짖횞징횞짠 횞횞 횞횞징횞횞횞횞짧횞,횞횞짙 횞짧횞짤횞횞횞 횞횞횞 횞 횞 횞횞횞 횞,횞짧횞짤횞횞횞횞짧 횞횞쨀 횞-횞횞쨀 횞 횞횞횞 횞횞짧,D
95,"횞횞횞 횞 횞짧횞짖횞횞횞짢횞, 횞짖횞횞횞횞 횞횞짖횞징횞짠횞횞",횞횞 횞횞횞 횞횞횞 횞짖횞짚횞쨈횞 횞횞횞짠 횞횞짤 횞횞횞횞횞횞짙 횞횞짧 횞횞횞횞징횞짠횞 횞짤횞 횞횞횞횞횞횞짢횞짙?,횞횞 14 횞짤횞짖횞횞짧,횞횞 12 횞짤횞짖횞횞짧,횞횞횞 횞짝횞횞짢횞 횞횞횞횞횞짚횞짧 횞횞횞징횞짠횞 횞횞횞,횞횞 24 횞짤횞짖횞횞짧 ,D
96,"횞횞횞 횞 횞짧횞짖횞횞횞짢횞, 횞짖횞횞횞횞 횞횞짖횞징횞짠횞횞",횞횞짠횞횞짚횞 횞횞짧 횞횞짧횞짤횞횞횞 횞횞 횞횞횞 횞 횞횞횞횞짧횞짢?,횞짖횞짚횞쨈횞 횞짧횞짠횞 횞 168 횞 횞횞 횞횞 횞횞짧횞횞횞 횞횞짧 횞짖횞횞횞횞짧횞 횞횞횞 횞횞횞짢횞 횞횞 횞횞횞 횞짤횞횞횞횞짜 횞횞짖횞횞횞횞 횞횞횞짤횞 10 횞짤횞짖횞횞짧 횞짢횞짝횞횞짚횞횞짧 횞횞짚횞횞횞짧 횞횞횞 횞횞 횞횞 횞횞횞짧횞짢 횞-8 횞짤횞짖횞횞짧 횞횞횞 횞짧횞짠횞횞짚횞 횞짤횞 24 횞짤횞짖횞횞짧 횞횞횞 횞횞횞짧횞짢 횞-55 횞짤횞짖횞횞짧 횞횞횞 횞짧횞짠횞횞짚횞 횞짤횞 7 횞횞횞횞,횞짖횞짚횞쨈횞 횞짧횞짠횞 횞 168 횞 횞횞 횞횞 횞횞짧횞횞횞 횞횞짧 횞짖횞횞횞횞짧횞 횞횞횞 횞횞횞짢횞 횞횞 횞횞횞 횞짤횞횞횞횞짜 횞횞짖횞횞횞횞 횞횞횞짤횞 7 횞짤횞짖횞횞짧 횞짢횞짝횞횞짚횞횞짧 횞횞짚횞횞횞짧 횞횞횞 횞횞 횞횞 횞횞횞짧횞짢 횞-12 횞짤횞짖횞횞짧 횞횞횞 횞짧횞짠횞횞짚횞 횞짤횞 24 횞짤횞짖횞횞짧 횞횞횞 횞횞횞짧횞짢 횞-68 횞짤횞짖횞횞짧 횞횞횞 횞짧횞짠횞횞짚횞 횞짤횞 7 횞횞횞횞,횞짧횞짠횞 횞 168 횞횞횞 횞 횞횞횞횞횞횞 횞횞짧 횞횞 횞횞 횞횞횞횞횞 횞짧 횞짤횞짖횞횞짧 횞 횞횞횞횞 횞/횞횞 횞짤횞짖횞횞짧 횞횞 횞횞횞,횞짖횞짚횞쨈횞 횞짧횞짠횞 횞 168 횞 횞횞 횞횞 횞횞짧횞횞횞 횞횞짧 횞짖횞횞횞횞짧횞 횞횞횞 횞횞횞짢횞 횞횞 횞횞횞 횞짤횞횞횞횞짜 횞횞짖횞횞횞횞 횞횞횞짤횞 4 횞짤횞짖횞횞짧 횞짢횞짝횞짚횞횞짧 횞횞짚횞횞횞짧 횞횞횞 횞횞 횞횞 횞횞횞짧횞짢 횞-6 횞짤횞짖횞횞짧 횞횞횞 횞짧횞짠횞횞짚횞 횞짤횞 24 횞짤횞짖횞횞짧 횞횞횞 횞횞횞짧횞짢 횞-40 횞짤횞짖횞횞짧 횞횞횞 횞짧횞짠횞횞짚횞 횞짤횞 7 횞횞횞횞,B
97,"횞횞횞 횞 횞짧횞짖횞횞횞짢횞, 횞짖횞횞횞횞 횞횞짖횞징횞짠횞횞",횞횞횞 횞횞횞짢횞짧횞 횞짤횞 횞횞횞짠 횞짤횞횞짢횞횞짧횞 횞횞횞횞횞?,횞횞횞 횞짧 횞횞짝횞짢횞횞,횞횞횞횞짠 횞짤횞횞짢횞횞짧횞 횞횞횞횞횞 횞횞 횞횞횞횞횞짢횞 횞횞횞짢횞,횞횞 횞횞짧횞짤횞횞횞횞짧 횞 횞횞횞 횞횞짧,"횞횞횞횞짢횞짧 횞횞횞횞횞횞횞짧 횞횞횞짚횞짖횞횞짧 횞짢횞횞 횞횞징횞횞짢횞 횞횞횞횞짧횞 횞짤횞횞짢횞횞짧횞 횞횞횞횞횞, 횞횞횞 횞 횞짖횞 횞횞짝횞짢횞횞 횞횞짤횞횞횞짢횞 횞짖횞 횞횞횞횞횞짧 횞횞징횞횞횞횞",D
98,"횞횞횞 횞 횞짧횞짖횞횞횞짢횞, 횞짖횞횞횞횞 횞횞짖횞징횞짠횞횞",횞횞횞 횞 횞횞짧횞 횞횞횞횞횞횞 횞짖횞횞횞 횞횞횞징횞횞짢횞짧 횞횞징횞횞 횞짖횞횞횞횞 횞횞횞짤횞 횞횞횞짖횞횞횞 횞횞짝횞 횞횞짖횞징횞횞짠 횞횞횞횞짢 횞징횞횞횞 횞짖횞횞횞횞짧횞?,횞횞횞횞횞 횞횞 횞횞횞횞 횞횞횞횞횞,횞 횞횞짧횞 횞횞횞횞횞횞 횞짖횞횞횞 횞횞횞징횞횞짢횞짧 횞횞징횞횞 횞짖횞횞횞횞 횞횞횞짤횞 횞횞횞짖횞횞횞 횞횞짝횞 횞횞짖횞징횞횞짠 횞횞횞짢 횞횞횞횞짢 횞징횞횞횞 횞짖횞횞횞횞짧횞 횞횞횞횞횞 횞짤횞횞횞횞횞횞 횞횞횞 횞횞횞횞짧 횞횞횞횞횞짧횞횞짧,횞횞징횞횞짢,횞횞짙 횞짧횞짤횞횞횞 횞횞횞 횞 횞 횞횞횞 횞,B
99,"횞횞횞 횞 횞짧횞짖횞횞횞짢횞, 횞짖횞횞횞횞 횞횞짖횞징횞짠횞횞",횞횞 횞횞횞횞 횞횞횞짤횞짚횞횞횞 횞횞횞횞횞 횞 횞횞횞:,횞짖횞 횞횞 횞횞횞횞 횞횞횞 횞횞횞짢횞횞횞짧 횞짚횞횞횞횞횞짧 횞짢횞횞횞횞 횞횞횞 횞횞징횞짙 횞횞횞짢횞횞횞짧 횞짤횞횞횞횞횞횞짧, 횞짖횞 횞횞 횞횞횞횞 횞횞횞 횞횞횞짢횞횞횞짧 횞짚횞횞횞횞횞짧 횞짢횞횞횞횞 횞횞횞횞,횞횞 횞횞횞횞 횞횞횞 횞 횞횞횞횞 횞횞횞횞짢횞횞횞짧 횞횞횞,횞횞짙 횞짧횞짤횞횞횞 횞횞횞 횞 횞 횞횞횞 횞,A
100,"횞횞횞 횞 횞짧횞짖횞횞횞짢횞, 횞짖횞횞횞횞 횞횞짖횞징횞짠횞횞",횞횞 횞짢횞짤횞횞 횞짖횞짚횞쨈횞 횞횞횞짠 횞횞횞횞 횞짖횞짧 횞횞횞횞횞짠 횞짢횞횞 횞/횞횞 횞횞횞횞횞횞 횞 횞횞횞횞횞짠횞:,횞횞횞횞 횞횞 횞횞짤횞 횞짖횞횞횞 횞짧횞짖횞횞횞짧 횞횞횞횞 횞짤횞 횞짢횞짤횞횞짧 횞횞짢횞횞짤횞횞,횞짤횞횞횞짢 횞횞 횞횞짤횞 횞짖횞횞횞 횞짧횞짖횞횞횞짧 횞횞횞횞 횞짧횞 횞횞짖횞 횞짤횞 횞횞횞짤횞횞짢횞,횞짧횞짤횞횞횞횞짧 횞횞쨀 횞-횞횞쨀 횞 횞횞횞 횞횞짧,횞횞짙 횞짧횞짤횞횞횞 횞횞횞 횞 횞 횞횞횞 횞,C
101,"횞횞횞 횞 횞짧횞짖횞횞횞짢횞, 횞짖횞횞횞횞 횞횞짖횞징횞짠횞횞",횞징횞횞 횞횞짧 횞횞짧횞짤횞횞횞 횞횞 횞횞횞 횞,횞횞짖횞 횞횞짚횞짖횞 횞횞횞횞 횞횞횞짧 횞횞짤횞 횞짧횞횞횞 횞짧횞횞횞 횞횞짧 횞횞횞짢횞횞횞짧 횞횞짠횞짝횞횞짖횞횞횞짧,횞횞짖횞 횞횞짚횞짖횞 횞횞횞횞 횞횞횞짧 횞횞짤횞 횞 횞짧횞횞횞 횞횞짧 횞횞횞짢횞횞횞짧 횞횞짠횞짝횞횞짖횞횞횞짧,횞횞짖횞 횞횞짚횞짖횞 횞횞횞 횞 횞횞횞횞횞 횞횞횞 횞횞횞횞 횞짧 횞짧횞횞횞 횞횞횞짧 횞횞횞짢횞횞,횞횞 횞횞짧횞짤횞횞횞횞짧 횞 횞횞횞 횞횞짧,B
102,횞짧횞짠횞 횞횞짧 횞횞횞횞횞횞짧 횞횞짢횞횞짧횞횞 횞횞횞짖횞 횞횞,횞횞횞 횞횞횞횞횞짧 횞횞횞짖 횞짚횞횞짖횞횞횞 횞짖횞 횞횞짢횞횞 횞횞횞횞횞짖횞?,횞횞횞횞횞짧 횞징횞횞징,"횞횞횞 횞횞횞짧횞횞횞, 횞횞횞 횞횞횞짤횞횞횞, 횞횞횞횞 횞횞짝횞 횞횞짢횞횞짚횞횞횞횞",횞횞횞횞 횞짤횞횞횞횞짙 횞횞짧 횞횞짢횞횞 횞횞횞짢횞횞횞횞짧,횞횞횞횞횞 횞횞횞횞횞횞짧 횞짤횞짠횞횞횞횞횞 횞횞횞횞 횞횞횞횞횞횞짢,B
103,횞짧횞짠횞 횞횞짧 횞횞횞횞횞횞짧 횞횞짢횞횞짧횞횞 횞횞횞짖횞 횞횞,횞횞횞 횞횞횞횞횞횞횞 횞짢횞횞 횞횞횞짢횞횞횞?,횞횞횞 횞횞짤횞횞횞횞짧,횞횞짤횞횞횞횞횞횞횞 횞횞횞횞 횞횞횞횞횞횞 횞횞횞횞짢횞횞 횞횞횞횞짧횞횞 횞횞짤횞횞짚횞횞짖,횞짢횞짠 횞횞횞횞횞횞 횞짝횞 횞횞횞횞횞짤,횞횞짤횞횞횞횞횞횞횞 횞횞횞횞 횞횞횞횞횞횞 횞횞 횞짧횞횞 횞횞 횞횞횞,B
104,횞짧횞짠횞 횞횞짧 횞횞횞횞횞횞짧 횞횞짢횞횞짧횞횞 횞횞횞짖횞 횞횞,횞횞 횞짤횞횞 횞 횞 횞횞횞횞짧 횞횞횞짢횞짙 횞횞 횞횞횞횞짧 횞짠횞횞짜?,횞 횞횞횞횞짧 횞횞횞짢횞짙 횞횞징횞횞횞 횞짧 ,횞횞횞짚횞짤횞짢 횞횞횞짠횞횞 횞횞횞짢횞횞 횞횞횞횞징 횞횞짢횞횞,"횞횞횞횞짢횞짙 횞횞짤 횞횞짠횞횞짧 횞횞횞짤횞횞횞 횞횞짢횞횞짠 횞횞횞횞횞. 횞횞횞횞짤 횞짢횞횞횞, 횞횞횞횞횞 횞횞횞 횞횞짢횞횞 횞횞횞횞횞짤, 횞짢횞횞횞짧, 횞 횞짢횞횞횞짧, 횞횞횞횞짠횞 횞횞짖횞횞",횞횞횞횞짢횞짙 횞횞횞횞횞짚횞횞 횞횞횞횞횞 횞짢횞짠 횞횞횞짢횞횞횞횞짧,C
105,횞짧횞짠횞 횞횞짧 횞횞횞횞횞횞짧 횞횞짢횞횞짧횞횞 횞횞횞짖횞 횞횞,횞횞 횞짖횞횞횞횞 횞횞짖횞짤횞횞짧 횞횞횞짢횞 횞 횞징횞횞짖횞 횞횞횞횞횞짢?,횞횞횞횞횞 횞횞횞횞징횞짧횞횞 횞횞횞짢횞횞횞짧. 횞횞횞횞횞횞횞횞횞 횞횞짖횞횞 횞징횞횞횞짢 횞횞횞짧횞횞 횞 횞횞짧 횞횞 횞징횞횞짖횞 횞횞횞횞횞짢 횞횞횞짚횞짧횞횞 횞횞횞횞. 횞횞짚횞짤횞짢 횞횞짖횞횞짢 횞횞횞횞횞횞,횞횞횞 횞짝횞횞짢횞 횞횞 횞징횞횞짖횞 횞횞횞횞횞짢,"횞횞횞짚횞짤횞짢 횞횞횞 횞짤횞횞 횞횞짖횞횞횞짢, 횞횞횞횞횞짧 횞짤횞횞횞",횞징횞짖 횞횞횞횞횞짢 횞짖횞 횞짤횞짧횞짤횞횞짖 횞짢횞짖횞짤,A
106,횞짧횞짠횞 횞횞짧 횞횞횞횞횞횞짧 횞횞짢횞횞짧횞횞 횞횞횞짖횞 횞횞,횞횞횞횞짖 횞횞짤 횞횞횞짧횞횞횞 횞횞짧 횞횞짢횞횞 횞횞징횞횞 횞횞횞횞짖횞 횞횞횞횞횞?,횞횞횞 횞횞짤횞횞횞횞짧 횞횞횞. 횞횞 횞짢횞횞 횞횞짧횞횞횞,"횞횞횞횞 횞횞횞횞짖횞, 횞횞횞 횞횞짤횞횞횞횞짧 횞횞횞",횞횞횞횞 횞짧횞 횞횞 횞횞횞짢횞,횞횞횞 횞짤횞 횞짧횞횞횞 횞횞짧 횞횞횞횞짖횞 횞횞짢횞횞 횞횞 횞횞횞횞횞짧횞 횞짧횞횞횞 횞횞횞횞횞 횞횞횞짧횞짢,D
107,횞짧횞짠횞 횞횞짧 횞횞횞횞횞횞짧 횞횞짢횞횞짧횞횞 횞횞횞짖횞 횞횞,횞횞 횞횞횞짤횞횞횞횞짧 횞짤횞 횞횞 횞짤횞횞 횞짝횞횞 횞횞짢횞횞짧?,횞횞횞 횞횞횞짤횞횞 횞횞 횞횞횞 횞횞짠. 횞횞횞횞횞 횞횞횞횞횞 횞횞횞짧횞짢,횞횞횞 횞짖횞 횞횞짢횞횞 횞횞짢횞횞,횞횞횞횞 횞짖횞 횞횞짝횞횞 횞횞짢,횞횞횞 횞횞짤횞횞횞횞짧 횞횞횞 횞짤횞,A
108,횞짧횞짠횞 횞횞짧 횞횞횞횞횞횞짧 횞횞짢횞횞짧횞횞 횞횞횞짖횞 횞횞,횞횞횞 횞횞횞짤횞 횞짢횞횞짤횞횞 횞횞짤 횞횞횞횞 횞횞횞짤횞짧횞횞짤 횞횞징횞횞횞짖횞 횞횞횞횞?,횞횞횞 횞횞 횞횞짤횞횞횞횞짧 횞횞횞,횞횞 횞횞횞징횞횞짢 횞횞횞횞횞 횞횞횞짤횞짧횞횞짤 횞횞징횞횞횞짖횞 횞횞횞횞 횞횞횞짤횞 횞짢횞횞짤횞횞 횞횞 횞횞횞짜 횞횞 횞횞짤횞짠횞짖 횞짠횞짚횞횞, 횞횞짤횞 횞짢횞횞짤횞횞 횞횞 횞횞횞짤횞 횞짤횞횞 횞짠횞 횞횞짧 횞횞횞횞횞짤 횞횞 횞횞횞 횞횞짖횞횞,횞횞짤횞 횞짢횞횞짤횞횞 횞횞횞 횞 횞횞짤횞짚횞횞짖 횞짖횞 횞횞횞짤횞횞횞짧,B
109,횞짧횞짠횞 횞횞짧 횞횞횞횞횞횞짧 횞횞짢횞횞짧횞횞 횞횞횞짖횞 횞횞,횞짖횞 횞횞 횞횞짤 횞횞횞짠횞짚횞횞 횞횞횞횞횞횞짧 횞횞횞횞쨈횞징?,횞횞횞 횞짝횞횞짢횞 횞횞횞짠횞짚횞횞 횞짖횞 횞횞횞횞,횞짤횞횞짤 횞횞 횞횞 횞횞횞짧횞짢 횞횞짧횞횞짠횞짙. 횞횞횞짤횞횞짢 ADR. 횞횞징횞횞횞횞 횞짢횞횞횞횞 횞횞횞 횞횞횞횞짧횞 횞징횞횞 횞짤횞 횞횞횞횞횞,횞횞횞짠 횞횞횞짤횞횞횞짧 횞횞짝횞횞 횞횞짢횞횞짧 횞짢횞횞짠횞횞,횞짧횞짤횞횞횞횞짧 횞횞쨀 횞-횞횞쨀 횞 횞횞횞 횞횞짧,C
110,횞짧횞짠횞 횞횞짧 횞횞횞횞횞횞짧 횞횞짢횞횞짧횞횞 횞횞횞짖횞 횞횞,횞짖횞 횞횞 횞횞횞횞 횞횞횞짠횞짚횞횞 횞횞짖횞짧 횞짧횞짠횞횞 횞횞짢횞횞 횞횞짖횞짧 횞짖횞짝횞횞짢횞 횞횞짤횞횞횞횞횞?,"횞횞횞횞횞 횞횞횞 횞횞횞짚횞짤횞짢, 횞횞짚횞짖횞횞짧 횞횞횞횞횞횞횞, 횞횞짢횞횞짧 횞짖횞 횞횞짚횞횞 횞횞횞횞짢 횞짢횞짝횞횞 횞횞횞횞짧 횞횞짠횞짢횞횞횞 횞횞횞짖횞짠횞 횞횞횞횞횞횞횞짧. 횞횞짤횞횞횞짤 횞횞횞횞짢횞. 횞횞횞횞횞 횞횞횞횞횞짤 6, 횞횞짤횞횞짢횞, 횞짠횞짝횞횞쨈횞짧, 횞징횞횞짢횞. 횞횞 횞횞짤 횞횞짚횞짤횞짢횞횞짧 횞횞횞횞짢횞 횞횞짤횞짧횞횞짤횞 횞횞횞짢횞.",횞횞짤횞횞짧 횞횞짢횞횞 횞횞횞횞횞횞짧 횞횞횞횞횞횞짜,횞횞횞 횞짤횞횞 횞횞횞횞 횞횞횞짠횞짧횞횞짧,횞횞 횞횞 횞횞짚횞 횞짤횞횞짠횞횞 횞횞짖횞짧횞 횞횞짢횞횞,A
111,횞짧횞짠횞 횞횞짧 횞횞횞횞횞횞짧 횞횞짢횞횞짧횞횞 횞횞횞짖횞 횞횞,횞횞횞 횞횞짤 횞횞횞횞 횞횞횞횞횞 횞짖횞 횞짤횞횞 횞횞 횞횞횞짝횞 횞짢횞횞짤횞횞횞 횞횞 횞횞횞횞 횞짤횞 횞횞 횞횞?,횞횞횞 횞횞횞횞 횞횞횞,횞횞짙 횞짚횞짖횞 횞횞 횞 횞횞횞짝횞짧횞 횞횞횞횞횞,횞횞횞횞 횞짖횞 횞횞 횞횞 횞횞횞횞횞 횞짖횞 횞횞 횞짤횞횞 횞횞 횞횞횞짝횞 횞짢횞횞짤횞횞횞 횞횞 횞횞횞횞 횞횞짠횞짝횞횞쨈횞짧 횞횞횞횞 횞횞 횞횞횞횞짢횞횞 횞짖횞 횞횞 횞횞 (횞징횞횞짢횞),횞횞짤횞 횞 횞횞횞짧 횞횞횞횞,C
112,횞횞횞짠 횞횞짧횞짠횞 횞횞짧 횞짤횞횞짢횞횞짧횞 횞횞횞횞횞,횞횞 횞횞횞횞짢 횞횞횞횞횞 횞짤횞횞짢 횞횞횞짖횞?,횞횞징횞짚횞짢 횞짢횞횞짤횞횞 횞짤횞 횞횞횞짤횞횞횞짧 횞짤횞횞 횞횞횞횞짝횞짖횞짧 횞횞횞횞횞횞 횞횞징횞횞 횞횞횞횞짖횞,"횞짤횞 횞횞횞횞횞 횞횞횞횞횞횞, 횞횞짖횞 횞, 횞횞짠횞횞 횞횞횞짝횞 횞횞횞횞횞횞 횞횞횞짖횞 횞횞횞횞짖횞","횞짤횞 횞횞횞횞횞횞, 횞횞짖횞 횞 횞횞횞징횞짚횞짢 횞횞짢횞횞짤횞횞횞 횞짤횞 횞횞짧횞 횞횞횞짤횞짢횞횞 횞횞횞횞짢횞짤횞 횞짖횞 횞짚횞 횞횞횞횞짠",횞횞 횞횞짧횞짤횞횞횞횞짧 횞 횞횞횞 횞횞짧,D
113,횞횞횞짠 횞횞짧횞짠횞 횞횞짧 횞짤횞횞짢횞횞짧횞 횞횞횞횞횞,횞횞횞 횞짧횞짚횞짠횞횞횞 횞짤횞 횞횞 횞횞 횞횞짤횞짢횞 횞짤횞횞짢횞횞짧횞 횞횞횞횞횞?,횞횞 횞횞 횞횞짤횞짢횞 횞짤횞횞짢횞횞짧횞 횞횞횞횞횞 횞횞횞짢횞횞 횞짖횞 횞횞 횞횞짤횞횞횞 횞횞횞횞횞횞 횞횞징횞횞짢횞횞횞횞횞횞 횞횞횞횞횞 횞짧 횞횞횞횞횞횞짧 횞짝횞 횞횞짢횞횞 횞짤횞 횞횞횞횞짢횞,"횞횞 횞횞 횞횞짤횞짢횞 횞짤횞횞짢횞횞짧횞 횞횞횞횞횞 횞횞짤횞횞짤 횞횞 횞횞 횞횞짠횞짝횞횞짖횞 횞짤횞 횞횞횞짤횞짢횞, 횞횞횞짢횞횞 횞짖횞 횞짧횞짠횞횞 횞횞짧 횞횞횞횞횞횞횞짧 횞횞짢횞횞 횞횞짖횞 횞횞 횞횞횞횞","횞횞 횞횞 횞횞짤횞짢횞 횞짤횞횞짢횞횞짧횞 횞횞횞횞횞 횞횞횞짢횞횞 횞짖횞 횞짝횞횞횞, 횞횞짢횞횞횞횞 횞횞횞횞짢횞 횞짖횞 횞횞 횞짧 횞횞짤횞횞횞짢 횞짖횞 횞짧횞횞횞횞짠횞 횞 횞횞횞짧횞 횞횞짢횞횞",횞횞 횞횞 횞횞짤횞짢횞 횞짤횞횞짢횞횞짧횞 횞횞횞횞횞 횞횞횞짢횞횞 횞짖횞 횞횞횞횞횞횞짧 횞횞횞짖횞 횞 횞횞횞횞짢횞 횞짖횞 횞횞 횞짧 횞짤횞횞 횞횞횞징횞짖횞 횞횞짖횞횞횞징 횞횞짧횞짢,B
114,횞횞횞짠 횞횞짧횞짠횞 횞횞짧 횞짤횞횞짢횞횞짧횞 횞횞횞횞횞,횞횞횞 횞짧횞짠횞횞짚횞짧 횞짧횞횞짠횞짙 횞짢횞횞짤횞횞횞 횞횞횞횞횞 횞짖횞 횞짚횞 횞횞횞짠?,횞짧횞짠횞횞짚횞짧 횞짧횞횞짠횞짚횞 횞짤횞 횞짢횞횞짤횞횞횞 횞횞횞횞횞 횞횞횞 횞 횞-5 횞짤횞 횞횞 횞짖횞 횞횞횞횞짚횞짝횞횞 횞횞횞횞횞횞짤 횞횞짤횞 횞 횞 횞횞징횞짚횞짧,횞짧횞짠횞횞짚횞짧 횞짧횞횞짠횞짚횞 횞짤횞 횞짢횞횞짤횞횞횞 횞횞횞횞횞 횞횞횞 횞 횞-3 횞횞횞횞짤횞횞 횞횞횞횞 횞횞횞짤 횞횞횞횞짤횞 횞횞짚횞 횞횞짝횞횞짢횞,횞짤횞 횞 횞짤횞횞횞 횞횞횞 횞짢횞짤횞횞 횞짤횞짢 횞횞짧횞횞횞횞짢횞 횞횞짠횞횞횞짖 횞짧횞짠횞횞짚횞 횞짤횞횞 횞 횞짖횞 횞짚횞 횞횞횞횞짧 횞횞횞횞 횞짤횞횞횞짠횞횞짖,횞짧횞횞짠횞짚횞 횞짤횞 횞짢횞횞짤횞횞횞 횞횞횞횞횞 횞횞횞 횞 횞횞횞 횞횞횞횞횞 횞횞횞횞 횞징횞횞횞횞짧 횞횞짤횞횞횞 횞횞짧 횞횞짢횞횞짤횞횞횞 횞횞횞,C
115,횞횞횞짠 횞횞짧횞짠횞 횞횞짧 횞짤횞횞짢횞횞짧횞 횞횞횞횞횞,횞횞 횞횞횞횞 횞횞짠횞횞 횞짢횞횞짤횞횞횞 횞횞횞횞횞 횞횞횞횞횞횞 횞짧횞 횞횞횞?,횞횞 횞짠횞짝횞횞 횞횞횞횞횞횞짧 횞짤횞짖횞횞짢 횞횞짤횞짧횞횞횞횞짧 횞횞짧 16 횞짤횞짖횞횞짧 횞횞횞횞 횞 횞횞짖횞횞횞 횞짤횞 횞횞횞횞 횞횞짧 횞횞짤횞 횞횞짖횞 10 횞횞횞 횞횞횞횞짤횞횞 횞횞짖횞징횞횞짠 횞횞짧횞짚횞짠횞횞 횞짠횞짝횞횞 횞횞횞횞횞횞짧,횞횞 횞횞짖횞 횞짢횞횞 횞횞 횞횞짚횞짖횞횞 횞횞횞 횞짢횞횞 횞짤횞횞짤횞짠횞횞 10 횞횞횞 횞횞횞짖횞횞 횞짤횞짖횞횞짢 횞횞횞짤횞짢횞 횞횞짚횞 횞짤횞 횞짠횞횞짖 횞횞짧횞짠횞 횞횞짧 횞횞횞횞횞횞 횞횞짖횞횞 횞횞횞짢횞횞짤횞횞짧 횞횞횞횞짠,횞횞 횞횞횞 횞짤횞횞횞 횞횞짠횞횞짢횞징 횞횞짧횞횞횞 횞횞횞짖횞횞 횞횞횞 횞횞 횞횞 횞횞짤횞짢횞 횞횞횞횞횞 횞횞횞횞짤횞횞짢 횞횞짚횞짠횞 횞짖횞 횞횞횞횞횞횞횞짧 횞횞 횞짠횞짝횞횞 횞횞횞횞횞횞횞짧 횞짤횞 횞횞횞횞짢횞 횞짤횞횞횞징횞횞 횞횞횞횞짠,횞횞 횞횞짧횞짤횞횞횞횞짧 횞 횞횞횞 횞횞짧,B
116,횞횞횞짠 횞횞짧횞짠횞 횞횞짧 횞짤횞횞짢횞횞짧횞 횞횞횞횞횞,횞횞횞 횞횞짤횞짚횞짖횞짧 횞횞횞짠횞횞 횞횞짖횞횞횞징 횞횞횞짢횞횞 횞횞짖횞횞횞징 횞짖횞 횞횞횞짝횞횞횞횞짧?,"횞횞횞 횞짤횞횞짢횞횞 횞횞횞횞횞 횞횞횞짧횞짢 횞짠횞횞짢횞 횞횞징횞짢횞 횞횞횞횞횞짢횞, 횞횞짢횞횞 횞횞횞짧횞짢 횞횞짝횞횞 (횞횞횞횞횞 횞 횞횞횞횞짢횞횞)","횞횞횞 횞짤횞횞짢횞횞 횞횞횞횞횞 횞횞횞짧횞짢 횞짠횞짢횞횞 횞횞징횞짢횞 횞횞짠횞횞횞, 횞횞짢횞횞 횞횞횞짧횞짢 횞횞짝횞횞 (횞횞횞횞횞 횞횞징횞짢)","횞횞횞 횞짤횞횞짢횞횞 횞횞횞횞횞 횞횞횞짧횞짢 횞짠횞짢횞횞 횞횞징횞짢횞 횞횞횞횞횞짢횞, 횞횞짢횞횞 횞횞횞짧횞짢 횞횞짝횞횞 (횞횞횞횞횞 횞횞징횞짢)","횞횞횞 횞짤횞횞짢횞횞 횞횞횞횞횞 횞횞횞짧횞짢 횞짠횞짢횞횞 횞횞횞짢횞횞, 횞횞짢횞횞 횞횞횞짧횞짢 횞횞짝횞횞 (횞횞횞횞횞 횞횞징횞짢)",B
117,횞횞횞짠 횞횞짧횞짠횞 횞횞짧 횞짤횞횞짢횞횞짧횞 횞횞횞횞횞,"횞횞횞횞 횞 횞횞횞 횞짢횞횞 횞횞짤횞 횞횞횞짝횞횞 횞횞횞징횞횞횞횞 횞횞횞횞횞 횞횞횞 횞짖횞짧 횞횞횞횞횞횞 횞횞횞횞짤횞횞짢 횞횞횞횞짧횞 횞짢횞횞, 횞횞횞짧 횞횞횞짚횞짠횞 횞횞횞횞횞 횞횞짚횞짢횞횞횞 횞횞짢횞짤횞횞횞횞 횞횞횞, 횞짝횞횞횞 횞횞횞횞 횞횞횞횞짤횞짚횞횞횞 횞횞짢횞짤횞횞횞횞 횞횞횞횂 횞짤횞횞횞","횞횞짧횞횞횞짧 횞횞짖횞 횞횞짢횞횞짤횞횞횞, 횞징횞횞 횞횞횞횞짖횞 횞짤횞횞횞짧횞짢 횞횞횞횞횞횞 횞횞짢횞횞","횞짤횞 횞횞짖횞 횞횞짢횞횞짤횞횞횞, 횞횞짧횞횞횞짧횞, 횞횞징횞짚횞짢 횞짢횞횞짤횞횞횞 횞횞횞횞횞 횞횞횞징횞짚횞짢 횞짢횞횞짤횞횞 횞횞짢횞횞","횞짚횞횞짢횞횞 횞횞짧횞 횞횞횞 횞횞 횞횞징횞짚횞횞 횞짤횞짠횞횞짖 횞횞횞짚횞짠횞 횞횞짚횞 횞짧횞짠횞 횞짧 횞횞짤횞 횞 (횞), 7(횞), 횞(횞)",횞횞 횞횞횞짤횞짚횞횞횞 횞 횞횞횞 횞횞,C
118,횞횞횞짠 횞횞짧횞짠횞 횞횞짧 횞짤횞횞짢횞횞짧횞 횞횞횞횞횞,"횞짝횞 횞짢횞횞 횞횞징횞횞짢횞 횞횞횞횞 횞짤횞횞횞횞짤, 횞횞 횞횞횞횞짢횞횞 횞짖횞횞횞 횞횞횞짖횞횞횞짧, 횞횞 횞짚횞짠횞짖 횞짧횞횞짠횞짙 횞짢횞횞짤횞횞횞 횞횞짢횞횞, 횞횞횞짝횞 횞횞 횞횞 횞횞짖횞 횞횞짢횞횞 횞횞횞횞횞횞?",횞횞짖횞 횞짢횞횞짤횞횞횞 횞횞횞횞횞횞 횞횞횞횞횞짢횞 횞횞횞짚횞짠횞 횞횞짤횞횞 횞짤횞짚횞짠횞짖 횞짢횞횞짤횞횞횞 횞횞횞횞횞횞,횞횞짖횞 횞짢횞횞짤횞횞횞 횞횞횞횞횞횞 횞횞짖횞횞횞짢 횞횞짧 횞횞짢횞횞짤횞횞횞 횞횞짢횞횞 횞횞횞짢 횞짖횞 횞짚횞 횞짢횞횞횞짧 횞짖횞횞 횞횞,횞횞횞횞 횞짢횞횞 횞짤횞횞짝횞 횞횞짤횞횞횞횞짤 횞짢횞짤횞횞 횞횞횞횞횞횞 횞횞횞짤횞짧횞횞짤 횞횞짢횞횞짤횞횞횞 횞횞짢횞횞 횞횞횞짤,횞횞횞횞횞짢 횞횞짧 횞횞짢횞횞짤횞횞횞 횞횞짠횞짝횞횞 횞횞횞횞횞횞횞짧 횞횞횞 횞횞횞횞횞 횞횞횞짝횞 횞횞 횞횞횞 횞횞짢횞횞짤횞횞횞,A
119,횞횞횞짠 횞횞짧횞짠횞 횞횞짧 횞짤횞횞짢횞횞짧횞 횞횞횞횞횞,횞짝횞횞횞 횞횞횞징횞횞횞짧횞 횞횞짤횞횞짢 횞횞횞짖횞 횞횞횞 횞횞횞 횞 횞횞짖횞?,횞횞짤횞횞짤 횞횞 횞징횞짚횞 횞횞짧횞짖횞횞횞짧 횞횞횞짤횞횞횞 횞짤횞횞횞 횞 횞짤횞횞짢 횞횞횞짖횞,횞횞짝횞횞횞 횞횞짠횞횞짢 횞짢횞횞짤횞횞 횞횞횞짤횞횞 횞횞횞 횞횞짤횞횞짢,횞횞짤횞횞짤 횞횞짠횞횞짢 횞짤횞 횞횞짧횞 횞횞횞징횞짧횞횞 횞짖횞횞횞 횞횞 횞횞징횞짙 횞횞짤횞횞짢 횞횞횞횞짖횞,횞횞짤횞횞짤 횞횞짧 횞짧횞짖횞횞횞짧 횞횞횞짤횞횞횞 횞횞횞짧 횞짤횞횞짢 횞횞횞횞짖횞 횞횞짢횞횞짤횞횞 횞횞짢횞횞,C
120,횞횞횞짠 횞횞짧횞짠횞 횞횞짧 횞짤횞횞짢횞횞짧횞 횞횞횞횞횞,횞횞 횞횞횞짢횞짧횞 횞횞짖횞횞짠횞짢횞횞짧 횞짤횞 횞횞횞짠 횞짤횞횞짢횞횞짧횞 횞횞횞횞횞 (횞짢횞횞짤횞횞횞 횞횞횞횞횞)?,횞횞횞짠 횞횞 횞횞 횞횞횞징횞횞횞 횞횞짚횞짠횞횞횞 횞횞횞횞횞짢 횞횞횞횞횞횞횞횞 횞횞횞횞횞짢횞횞횞 횞횞횞횞횞짧 횞횞횞짢횞횞횞 횞횞짤횞횞 횞횞짖 횞횞횞짖횞 횞횞 횞횞횞횞횞횞횞짧 횞횞짢횞횞횞짧,횞횞횞짠 횞횞 횞횞 횞횞횞횞횞횞짢 횞횞짧 횞횞횞횞횞횞횞짧 횞횞짚횞짖횞횞짧 횞짢횞횞 횞횞징횞횞짢횞 횞횞횞짧횞 횞짢횞횞 횞횞횞횞횞 횞횞횞 횞횞횞횞 횞짖횞 횞횞짝횞짢횞횞 횞횞짖횞 횞횞횞횞횞짧 횞횞징횞횞횞횞,횞횞횞짠 횞횞 횞횞 횞횞짧횞짧 횞횞짤횞 횞 횞짧횞횞짠횞짙 횞횞횞짤횞횞짢횞짧 횞횞짤횞짢횞횞 횞횞횞횞횞횞짢 횞횞짧 횞횞횞횞짚횞짧 횞횞횞횞짠 횞횞횞횞짚횞짤횞짢 횞횞짤횞횞횞짢횞횞 횞횞횞횞횞횞짢 횞횞짧 횞횞횞횞횞횞횞짧 횞횞짤횞횞 횞횞짖 횞횞횞짖횞 횞횞,횞횞횞짠 횞횞 횞횞 횞횞짧횞짧 횞횞짠횞짝횞횞 횞 횞횞횞횞횞횞짧 횞횞짧횞짖횞횞횞짢횞 횞횞횞횞짖횞횞 횞짢횞횞짤횞횞횞 횞횞횞횞횞 횞횞짧 횞횞징횞횞횞횞짧 횞횞횞횞횞 횞횞횞짤횞횞짢횞 횞짖횞 횞횞횞횞횞횞횞 횞짤횞짖횞횞횞짢횞횞 횞짖횞 횞횞횞횞짠,B
